smiles,label
C#Cc1cc(C[C@H](NC(=O)COC)[C@H](O)CN[C@H]2CC3(CCC3)Oc3ncc(CC(C)(C)C)cc32)ccc1F,0
COCC(=O)N[C@@H](Cc1cc(F)cc(-c2nccs2)c1)[C@H](O)CN[C@H]1CC2(CCC2)Oc2ncc(CC(C)(C)C)cc21,0
C#Cc1cc(F)cc(C[C@H](NC(=O)COC)[C@H](O)CN[C@H]2CC3(CCC3)Oc3ncc(CC(C)(C)C)cc32)c1,0
C#Cc1ccc(F)c(C[C@H](NC(=O)COC)[C@H](O)CN[C@H]2CC3(CCC3)Oc3ncc(CC(C)(C)C)cc32)c1,0
C#Cc1cccc(C[C@H](NC(=O)COC)[C@H](O)CN[C@H]2CC3(CCC3)Oc3ncc(CC(C)(C)C)cc32)c1,0
C#Cc1ccc(C[C@H](NC(=O)COC)[C@H](O)CN[C@H]2CC3(CCC3)Oc3ncc(CC(C)(C)C)cc32)cc1,0
COC(OC)C(=O)N[C@@H](Cc1cccc(-c2nccs2)c1)[C@H](O)CN[C@H]1CC2(CCC2)Oc2ncc(CC(C)(C)C)cc21,0
C#Cc1cccc(C[C@H](NC(=O)COC)[C@H](O)CN[C@H]2CC3(CCC3)Oc3ncc(CC(C)(C)C)cc32)c1F,0
CC#Cc1cccc(C[C@H](NC(=O)COC)[C@H](O)CN[C@H]2CC3(CCC3)Oc3ncc(CC(C)(C)C)cc32)c1,0
CC(=O)N[C@@H](Cc1cccc(-c2nccs2)c1)[C@H](O)CN[C@H]1CC2(CCC2)Oc2ncc(CC(C)(C)C)cc21,0
COCC(=O)N[C@@H](Cc1ccc(-c2nccs2)cc1)[C@H](O)CN[C@H]1CC2(CCC2)Oc2ncc(CC(C)(C)C)cc21,0
COCC(=O)N[C@@H](Cc1ccc(F)c(-c2nccs2)c1)[C@H](O)CN[C@H]1CC2(CCC2)Oc2ncc(CC(C)(C)C)cc21,1
C[C@@H](O)C(=O)N[C@@H](Cc1cccc(-c2nccs2)c1)[C@H](O)CN[C@H]1CC2(CCC2)Oc2ncc(CC(C)(C)C)cc21,0
COCC(=O)N[C@@H](Cc1cccc(-c2ccncc2)c1)[C@H](O)CN[C@H]1CC2(CCC2)Oc2ncc(CC(C)(C)C)cc21,0
COCC(=O)N[C@@H](Cc1cccc(-c2cncs2)c1)[C@H](O)CN[C@H]1CC2(CCC2)Oc2ncc(CC(C)(C)C)cc21,0
CCOCC(=O)N[C@@H](Cc1cccc(-c2nccs2)c1)[C@H](O)CN[C@H]1CC2(CCC2)Oc2ncc(CC(C)(C)C)cc21,0
COCC(=O)N[C@@H](Cc1cccc(-c2ncco2)c1)[C@H](O)CN[C@H]1CC2(CCC2)Oc2ncc(CC(C)(C)C)cc21,0
COCC(=O)N[C@@H](Cc1cc(-c2nccs2)ccc1F)[C@H](O)CN[C@H]1CC2(CCC2)Oc2ncc(CC(C)(C)C)cc21,0
CCC(=O)N[C@@H](Cc1cccc(-c2nccs2)c1)[C@H](O)CN[C@H]1CC2(CCC2)Oc2ncc(CC(C)(C)C)cc21,0
COCC(=O)N[C@@H](Cc1cccc(-c2nccn2C)c1)[C@H](O)CN[C@H]1CC2(CCC2)Oc2ncc(CC(C)(C)C)cc21,1
COCC(=O)N[C@@H](Cc1cccc(-c2nccs2)c1F)[C@H](O)CN[C@H]1CC2(CCC2)Oc2ncc(CC(C)(C)C)cc21,0
COCC(=O)N[C@@H](Cc1cccc(-c2ccccn2)c1)[C@H](O)CN[C@H]1CC2(CCC2)Oc2ncc(CC(C)(C)C)cc21,0
CCO[C@H](C)C(=O)N[C@@H](Cc1cccc(-c2nccs2)c1)[C@H](O)CN[C@H]1CC2(CCC2)Oc2ncc(CC(C)(C)C)cc21,0
COCC(=O)N[C@@H](Cc1cccc(-c2cscn2)c1)[C@H](O)CN[C@H]1CC2(CCC2)Oc2ncc(CC(C)(C)C)cc21,0
CO[C@@H](C)C(=O)N[C@@H](Cc1cccc(-c2nccs2)c1)[C@H](O)CN[C@H]1CC2(CCC2)Oc2ncc(CC(C)(C)C)cc21,0
CO[C@H](C)C(=O)N[C@@H](Cc1cccc(-c2nccs2)c1)[C@H](O)CN[C@H]1CC2(CCC2)Oc2ncc(CC(C)(C)C)cc21,0
COCC(=O)N[C@@H](Cc1cccc(-c2nccs2)c1)[C@H](O)CN[C@H]1CC2(CCC2)Oc2ncc(CC(C)(C)C)cc21,0
CC(C)(C)Cc1cnc2c(c1)[C@@H](NC[C@@H](O)[C@H](Cc1cccc(-c3nccs3)c1)NC(=O)[C@@H]1CCCO1)CC1(CCC1)O2,0
CC(C)(C)Cc1cnc2c(c1)[C@@H](NC[C@@H](O)[C@H](Cc1cccc(-c3nccs3)c1)NC(=O)[C@H]1CCCO1)CC1(CCC1)O2,0
COCC(=O)N[C@@H](Cc1cccc(-c2nc(C)cs2)c1)[C@H](O)CN[C@H]1CC2(CCC2)Oc2ncc(CC(C)(C)C)cc21,0
CN(C)c1ccc(Nc2ccc3c(c2)N(c2nc4c(s2)C(=O)NC(C)(C)C4)CCO3)nn1,0
CC1(C)Cc2nc(N3CCOc4ccc(Nc5ccc(N6CCNCC6)nn5)cc43)sc2C(=O)N1,1
Cc1nn(C)c(C)c1-c1ccc2c(c1)N(c1nc3c(s1)C(=O)NC(C)(C)C3)CCO2,0
CCn1nc(C)c(-c2ccc3c(c2)N(c2nc4c(s2)C(=O)NC(C)(C)C4)CCO3)c1C,0
Cc1nn(C)cc1-c1ccc2c(c1)N(c1nc3c(s1)C(=O)NC(C)(C)C3)CCO2,0
COc1ccc(Nc2ccc3c(c2)N(c2nc4c(s2)C(=O)NC(C)(C)C4)CCO3)nn1,0
Cc1ccc(Nc2ccc3c(c2)N(c2nc4c(s2)C(=O)NC(C)(C)C4)CCO3)nn1,0
Cn1ncc(-c2ccc3c(c2)N(c2nc4c(s2)C(=O)NC(C)(C)C4)CCO3)c1N,1
CN1CCN(c2ccc(Nc3ccc4c(c3)N(c3nc5c(s3)C(=O)NC(C)(C)C5)CCO4)nn2)CC1,1
COc1ccc(-c2ccc3c(c2)N(c2nc4c(s2)C(=O)NC(C)(C)C4)CCO3)nn1,1
CN1CCN(c2ccc(-c3ccc4c(c3)N(c3nc5c(s3)C(=O)NC(C)(C)C5)CCO4)nn2)CC1,0
Cc1cc(C)c(Nc2ccc3c(c2)N(c2nc4c(s2)C(=O)NC(C)(C)C4)CCO3)nn1,0
CC1(C)Cc2nc(N3CCOc4ccc(Nc5ccc(-c6ccccc6)nn5)cc43)sc2C(=O)N1,0
Cc1nn(CCCN)cc1-c1ccc2c(c1)N(c1nc3c(s1)C(=O)NC(C)(C)C3)CCO2,1
Cc1ccc(-c2ccc3c(c2)N(c2nc4c(s2)C(=O)NC(C)(C)C4)CCO3)nn1,1
CN(C)CCCNC(=O)[C@@H](Cc1ccc(Cl)cc1)NC(=O)C1(c2ccc(Cl)cc2)CC1,0
O=C(NCCCO)[C@@H](Cc1ccc(Cl)cc1)NC(=O)C1(c2ccc(Cl)cc2)CCC1,0
CN(C)[C@H]1CC[C@H](NC(=O)[C@@H](Cc2ccc(Cl)cc2)NC(=O)C2(c3ccc(Cl)cc3)CCC2)CC1,0
O=C(Cc1ccc(Cl)cc1)N[C@H](Cc1ccc(Cl)cc1)C(=O)N[C@H]1C[C@H]2CC[C@@H](C1)N2,1
CN(C)[C@H]1CC[C@H](NC(=O)[C@@H](Cc2ccc(Cl)cc2)NC(=O)C2(c3ccc(Cl)cc3)CC2)CC1,0
O=C(NCCCO)[C@@H](Cc1ccc(Cl)cc1)NC(=O)C1(c2ccc(F)cc2)CCCC1,0
O=C(NCCCO)[C@@H](Cc1ccc(Cl)cc1)NC(=O)C1(c2ccc(Cl)cc2)CC1,0
O=C(Cc1ccc(Cl)cc1)N[C@H](Cc1ccc(Cl)cc1)C(=O)NC1CCCCC1O,0
CN(C)[C@H]1CC[C@H](NC(=O)[C@@H](Cc2ccc(Cl)cc2)NC(=O)C2(c3ccc(F)cc3)CCC2)CC1,0
CN(C)[C@H]1CC[C@H](NC(=O)[C@@H](Cc2ccc(Cl)cc2)NC(=O)C2(c3ccc(F)cc3)CCCC2)CC1,0
O=C(Cc1ccc(Cl)cc1)N[C@H](Cc1ccc(Cl)cc1)C(=O)NC1CCCC(O)C1,0
O=C(Cc1ccc(Cl)cc1)N[C@H](Cc1ccc(Cl)cc1)C(=O)NC1CCCNCC1,1
CN(C)C(=O)[C@@H]1CCCC[C@H]1C(=O)NCC#N,1
N#CCNC(=O)[C@@H]1CCCC[C@H]1C(=O)N1CC=CCC1,1
CN1CCN(C(=O)[C@@H]2CCCC[C@H]2C(=O)NCC#N)CC1,1
N#CCNC(=O)[C@@H]1CCCC[C@H]1C(=O)N1CCCCC1,1
N#CC1(NC(=O)[C@@H]2CCCC[C@H]2C(=O)N2CCc3[nH]c4cccc(F)c4c3C2)CC1,0
Cn1c2c(c3c(F)c(F)ccc31)CN(C(=O)[C@@H]1CCCC[C@H]1C(=O)NC1(C#N)CC1)CC2,0
CS(=O)(=O)c1cccc2c3c([nH]c12)CCN(C(=O)[C@@H]1CCCC[C@H]1C(=O)NC1(C#N)CC1)C3,1
N#CC1(NC(=O)[C@@H]2CCCC[C@H]2C(=O)N2CCc3[nH]c4ccccc4c3C2)CC1,0
N#CC1(NC(=O)[C@@H]2CCCC[C@H]2C(=O)N2CCc3[nH]c4c(Cl)cccc4c3C2)CC1,0
N#CC1(NC(=O)[C@@H]2CCCC[C@H]2C(=O)N2CCc3[nH]c4c(Br)cccc4c3C2)CC1,0
CS(=O)(=O)c1ccc2c3c([nH]c2c1)CCN(C(=O)[C@@H]1CCCC[C@H]1C(=O)NC1(C#N)CC1)C3,1
N#CC1(NC(=O)[C@@H]2CCCC[C@H]2C(=O)N2CCc3[nH]c4c(OC(F)(F)F)cccc4c3C2)CC1,1
CSc1cccc2c3c([nH]c12)CCN(C(=O)[C@@H]1CCCC[C@H]1C(=O)NC1(C#N)CC1)C3,0
N#CC1(NC(=O)[C@@H]2CCCC[C@H]2C(=O)N2CCc3[nH]c4ccc(C(F)(F)F)cc4c3C2)CC1,0
N#CC1(NC(=O)[C@@H]2CCCC[C@H]2C(=O)N2CCc3[nH]c4ccc(Cl)cc4c3C2)CC1,0
COc1cccc2c3c([nH]c12)CCN(C(=O)[C@@H]1CCCC[C@H]1C(=O)NC1(C#N)CC1)C3,1
CS(=O)(=O)c1ccc2[nH]c3c(c2c1)CN(C(=O)[C@@H]1CCCC[C@H]1C(=O)NC1(C#N)CC1)CC3,1
N#CC1(NC(=O)[C@@H]2CCCC[C@H]2C(=O)N2CCc3[nH]c4ncccc4c3C2)CC1,1
N#CC1(NC(=O)[C@@H]2CCCC[C@H]2C(=O)N2CCc3[nH]c4c(F)cccc4c3C2)CC1,0
N#CCNC(=O)[C@@H]1CCCC[C@H]1C(=O)N1CCN(c2ccccc2)CC1,1
Cc1cccc2c3c([nH]c12)CCN(C(=O)[C@@H]1CCCC[C@H]1C(=O)NC1(C#N)CC1)C3,0
N#CC1(NC(=O)[C@@H]2CCCC[C@H]2C(=O)N2CCc3[nH]c4c(C(F)(F)F)cccc4c3C2)CC1,0
N#Cc1cccc2c3c([nH]c12)CCN(C(=O)[C@@H]1CCCC[C@H]1C(=O)NC1(C#N)CC1)C3,0
CC(C)(C)[C@@H](C#N)NC(=O)[C@@H]1CCCC[C@H]1C(=O)N1CCc2[nH]c3ccc(F)cc3c2C1,0
N#CC1(NC(=O)[C@@H]2CCCC[C@H]2C(=O)N2CCc3[nH]c4ccc(F)cc4c3C2)CC1,0
COc1cnc(-c2c(C)ccc(F)c2CCNC(=O)c2ccc(COCC(F)(F)F)nc2)cn1,0
Cc1cnc(-c2c(F)ccc(F)c2CCNC(=O)c2ccc(COCC(F)(F)F)nc2)cn1,0
COc1cnc(-c2c(OC)ccc(F)c2CCNC(=O)c2ccc(COCC(F)(F)F)nc2)cn1,0
COc1cnc(-c2cccc(F)c2C(F)(F)CNC(=O)c2ccc(COCC(F)(F)F)nc2)cn1,1
COc1ncc(-c2cccnc2C(C)CNC(=O)c2ccc(OCCC(F)(F)F)nc2)cn1,1
COc1cnc(-c2c(F)ccc(F)c2CCNC(=O)c2ccc(COCC(F)(F)F)nc2)cn1,0
COc1cnc(-c2ccccc2C(F)(F)CNC(=O)c2ccc(COCC(F)(F)F)nc2)cn1,1
Cc1ncc(-c2ccccc2CCNC(=O)c2ccc(CNCCC(F)(F)F)nc2)cn1,1
COc1ncc(-c2c(C)ccc(F)c2CCNC(=O)c2ccc(OCC(F)(F)F)nc2)cn1,0
COc1ncc(-c2cccnc2C(F)(F)CNC(=O)c2ccc(OCCC(F)(F)F)nc2)cn1,1
NC(=O)N1Cc2nc(N)nc(-c3c(Cl)cc(Cl)cc3OCCn3cccn3)c2C1,1
Nc1nc2c(c(-c3c(Cl)cc(Cl)cc3OCCn3cccn3)n1)CN(C(=O)NC1CC(F)(F)C1)C2,0
Nc1nc2c(c(-c3c(Cl)cc(Cl)cc3OCCn3cccn3)n1)CN(C(=O)NC13CC(C1)C3)C2,0
N#CCCNC(=O)N1Cc2nc(N)nc(-c3c(Cl)cc(Cl)cc3OCCCC(F)(F)F)c2C1,1
CNC(=O)N1Cc2nc(N)nc(-c3c(Cl)cc(Cl)cc3OCCn3cccn3)c2C1,1
Nc1nc2c(c(-c3c(Cl)cc(Cl)cc3OCCn3cccn3)n1)CN(C(=O)NC1CC1)C2,1
Nc1nc2c(c(-c3c(Cl)cc(Cl)cc3OCCCO)n1)CN(C(=O)NC1CCC1)C2,1
Nc1nc2c(c(-c3c(Cl)cc(Cl)cc3OCCn3cccn3)n1)CN(C(=O)NC1CCC1)C2,0
Nc1nc2c(c(-c3c(Cl)cc(Cl)cc3OCCn3cccn3)n1)CN(C(=O)NCC(F)(F)F)C2,1
N#CCCCOc1cc(Cl)cc(Cl)c1-c1nc(N)nc2c1CN(C(=O)NC1CCC1)C2,1
CCNC(=O)N1Cc2nc(N)nc(-c3c(Cl)cc(Cl)cc3OCCn3cccn3)c2C1,1
CCNCCOc1cc(Cl)cc(Cl)c1-c1nc(N)nc2c1CN(C(=O)NC1CCC1)C2,0
Nc1nc2c(c(-c3c(Cl)cc(Cl)cc3OCCCC(F)(F)F)n1)CN(C(=O)NC1CCC1)C2,0
Nc1nc2c(c(-c3c(Cl)cc(Cl)cc3OCCCC(F)(F)F)n1)CN(C(=O)NC1CC1)C2,1
CC(F)(F)CNC(=O)N1Cc2nc(N)nc(-c3c(Cl)cc(Cl)cc3OCCn3cccn3)c2C1,1
Nc1nc2c(c(-c3c(Cl)cc(Cl)cc3OCCN3CC(F)(F)C3)n1)CN(C(=O)NC1CCC1)C2,0
Nc1nc2c(c(-c3c(Cl)cc(Cl)cc3OCCn3cccn3)n1)CN(C(=O)NCC(F)F)C2,1
CCNC(=O)N1Cc2nc(N)nc(-c3c(Cl)cc(Cl)cc3OCCCC(F)(F)F)c2C1,0
CC(C)(C#N)CCOc1cc(Cl)cc(Cl)c1-c1nc(N)nc2c1CN(C(=O)NC1CCC1)C2,0
Nc1nc2c(c(-c3c(Cl)cc(Cl)cc3OCCn3cc(F)cn3)n1)CN(C(=O)NC13CC(C1)C3)C2,0
Nc1nc2c(c(-c3c(Cl)cc(Cl)cc3OCCn3cc(Cl)cn3)n1)CN(C(=O)NC13CC(C1)C3)C2,0
CCCOc1cc(Cl)cc(Cl)c1-c1nc(N)nc2c1CN(C(=O)NC1CCC1)C2,0
Nc1nc2c(c(-c3c(Cl)cc(Cl)cc3OCCc3ccccc3)n1)CN(C(=O)NC1CCC1)C2,0
Nc1nc2c(c(-c3c(Cl)cc(Cl)cc3OCCn3cc(F)cn3)n1)CN(C(=O)NCC(F)(F)F)C2,1
CC(F)(F)CNC(=O)N1Cc2nc(N)nc(-c3c(Cl)cc(Cl)cc3OCCn3cc(F)cn3)c2C1,1
Cc1cc(Cl)cc(OCCn2cc(F)cn2)c1-c1nc(N)nc2c1CN(C(=O)NCC(F)(F)F)C2,1
Cc1c(Sc2ccc(Cl)cc2)c2c(-c3nccs3)cccc2n1CC(=O)O,0
CCN(C(C)=O)c1cccc2c1c(Sc1ccc(Cl)cc1)c(C)n2CC(=O)O,0
Cc1c(Sc2ccc(Cl)cc2)c2cc(Cl)c(C#N)cc2n1CC(=O)O,1
Cc1c(F)ccc2c1c(Sc1ccc(Cl)cc1)c(C)n2CC(=O)O,1
Cc1ccc2c(c1)c(Sc1ccc(S(C)(=O)=O)cc1)c(C)n2CC(=O)O,1
CNC(=O)c1cccc2c1c(Sc1ccc(Cl)cc1)c(C)n2CC(=O)O,1
Cc1c(Sc2ccc(Cl)cc2)c2cc(F)ccc2n1CC(=O)O,1
Cc1c(Sc2ccc(Cl)cc2)c2ccc(Cl)cc2n1CC(=O)O,1
Cc1c(Sc2ccc(Cl)cc2)c2c(Cl)cccc2n1CC(=O)O,1
Cc1c(Sc2ccc(Cl)cc2)c2c(S(C)(=O)=O)cccc2n1CC(=O)O,1
Cc1c(S(=O)(=O)c2ccc(Cl)cc2)c2cc(F)ccc2n1CC(=O)O,1
Cc1c(Sc2ccc(Cl)cc2)c2ccc(S(C)(=O)=O)cc2n1CC(=O)O,1
Cc1c(Sc2ccc(Cl)cc2)c2c(-c3cnccn3)cccc2n1CC(=O)O,1
Cc1c(Oc2ccc(Cl)cc2)c2cc(F)ccc2n1CC(=O)O,1
COC(=O)[C@H]1CC2=CC(=O)CCC2(C)C23OC2CC2(C)[C@@H](CCC24CCC(=O)O4)[C@H]13,1
C#C[C@H](CC(=O)OCC)NC(=O)CCC(=O)Nc1ccc(C(=N)N)cc1,1
CCOC(=O)/C=C1\SC(N2CCCCC2)C(=O)N1C,0
COC(=O)C1=C(C)NC(C)=C(C(=O)OC(C)C)C1c1cccc2nonc12,0
C[N+]1(C)[C@@H]2C[C@H](OC(=O)C(O)(c3cccs3)c3cccs3)C[C@@H]1[C@H]1O[C@H]12,1
COC(=O)C1=C(C#N)NC(C)=C(C(=O)OC(C)C)C1c1cccc([N+](=O)[O-])c1,0
CCOC(=O)[C@H](CCc1ccccc1)N[C@@H](C)C(=O)N1Cc2ccccc2C[C@H]1C(=O)O,1
CCOC(=O)COc1ccc2c(C)c(CCN(CC)CC)c(=O)oc2c1,0
CC[C@]12CCCN3CCc4c(n(c5ccccc45)C(O)(C(=O)OC)C1)[C@@H]32,0
CCOC(=O)[C@H](CCc1ccccc1)N[C@@H](C)C(=O)N1CC2(C[C@H]1C(=O)O)SCCS2,1
CC1=C(C(=O)OC(C)C)C(c2cccc([N+](=O)[O-])c2)C(C(=O)OC2CN(C(c3ccccc3)c3ccccc3)C2)=C(N)N1,0
CCOC(=O)[C@H](CCc1ccccc1)N[C@H]1CS[C@H](c2cccs2)CN(CC(=O)O)C1=O,0
COC(=O)C(c1ccccc1)C1CCCCN1,1
COC(=O)[C@H]1[C@H]2C[C@@H]3c4[nH]c5cc(OC)ccc5c4CCN3C[C@H]2C[C@@H](OC(=O)c2cc(OC)c(OC)c(OC)c2)[C@@H]1OC,1
CCOC(=O)C1(c2ccccc2)CCCN(C)CC1,0
CCOC(=O)[C@H](CCc1ccccc1)N[C@@H](C)C(=O)N1[C@H](C(=O)O)C[C@@H]2CCC[C@@H]21,0
COCCOC(=O)C1=C(C)NC(C)=C(C(=O)OC(C)C)C1c1cccc([N+](=O)[O-])c1,0
COC(=O)C1=C(C)NC(C)=C(C(=O)OCCN(C)Cc2ccccc2)C1c1cccc([N+](=O)[O-])c1,0
CCOC(=O)C1=C(C)NC(C)=C(C(=O)OC)C1c1cccc(Cl)c1Cl,0
COC(=O)[C@H](c1ccccc1Cl)N1CCc2sccc2C1,0
COC(=O)C1=C(C)NC(C)=C(C(=O)OCC(C)C)C1c1ccccc1[N+](=O)[O-],0
CCOC(=O)C1=C(C)NC(C)=C(C(=O)OCC)C1c1ccccc1/C=C/C(=O)OC(C)(C)C,0
COC(=O)C1=C(C)NC(C)=C(C(=O)OCCN2CCN(C(c3ccccc3)c3ccccc3)CC2)C1c1cccc([N+](=O)[O-])c1,0
CCOC(=O)c1cncn1[C@H](C)c1ccccc1,0
Nc1nsc(Nc2ccc(Oc3ccc(Cl)cc3)cc2)n1,1
Nc1cncc(Nc2ccc(Oc3ccc(Cl)cc3)cc2)c1,0
Nc1cc(Nc2ccc(Oc3ccc(Cl)cc3)cc2)cnn1,0
C=CCNS(=O)(=O)c1cccc(C(=O)/N=c2\[nH]c3cc(CN4CCCCC4)ccc3n2[C@H]2CC[C@@H](CO)CC2)c1,0
CC(C)NC(=O)[C@H]1CC[C@@H](n2/c(=N/C(=O)c3ccc(F)cc3)[nH]c3ccc(CN4CCC[C@H]4C(C)(C)O)cc32)CC1,0
CC(C)NC(=O)[C@H]1CC[C@@H](n2/c(=N/C(=O)c3ccc(F)cc3)[nH]c3ccc(CN4CCC(C(C)(C)O)C4)cc32)CC1,0
NC(=O)[C@H]1CC[C@@H](n2/c(=N/C(=O)c3ccccc3)[nH]c3ccc(CN4CCCCC4)cc32)CC1,0
CCS(=O)(=O)c1ccc(-c2cc(C(F)(F)F)ccc2O[C@H](C)C(=O)O)c(C)c1,1
Cc1cc(N(C)S(C)(=O)=O)ccc1-c1cc(C(F)(F)F)ccc1OCC(=O)O,1
CN(c1ccc(-c2cc(C(F)(F)F)ccc2OCC(=O)O)cc1)S(C)(=O)=O,1
CCSc1ccc(-c2cc(C(F)(F)F)ccc2OCC(=O)O)cc1,0
CCS(=O)(=O)c1ccc(-c2cc(C(F)(F)F)ccc2OCC(=O)O)c(Cl)c1,1
CCS(=O)(=O)c1ccc(-c2cc(C(F)(F)F)ccc2OCC(N)=O)c(C)c1,1
CCCCOc1ccccc1-c1cc(C(F)(F)F)ccc1OCC(=O)O,1
O=C(O)COc1ccc(Br)cc1-c1ccccc1,1
O=C(O)COc1ccc(C(F)(F)F)cc1-c1ccccc1-c1ccccc1,1
CCS(=O)(=O)c1ccc(-c2cc(C(F)(F)F)ccc2O[C@H](C)C(=O)O)c(Cl)c1,1
N#Cc1ccc(F)c(-c2cc(C(F)(F)F)ccc2OCC(=O)O)c1,1
O=C(O)COc1ccc(-c2nccs2)cc1-c1ccccc1,1
CCS(=O)(=O)c1ccc(-c2cc(Cl)ccc2OCC(=O)O)c(C)c1,1
CS(=O)(=O)c1ccc(-c2cc(C(F)(F)F)ccc2OCC(=O)O)cc1,1
CCS(=O)(=O)c1ccc(-c2cc(C(F)(F)F)ccc2OCC(=O)O)c(C)c1,1
CCS(=O)(=O)c1ccc(-c2cc(Cl)ccc2OCC(=O)O)c(C(F)(F)F)c1,1
CS(=O)(=O)c1ccc(OCC(=O)O)c(-c2ccccc2)c1,1
CS(=O)(=O)c1ccc(-c2cc(C(F)(F)F)ccc2OCC(=O)O)c(Cl)c1,1
O=C(O)COc1ccc(C(F)(F)F)cc1-c1ccccc1,1
COC/C(=N/O)c1ccc(OC)cc1,1
CC(C)(C)CN/C(=N\O)c1ccccc1-c1ccccc1,1
CCCCc1ccc(-c2nc(CNC[C@@H]3CC[C@H]4C[C@@H]3C4(C)C)co2)cc1,0
CCCCCC(C)NCc1coc(-c2ccc(CCCC)cc2)n1,0
O/N=C(\NC1CCCCC1)c1cc(F)cc(F)c1,1
CCCCCC(C)NCc1coc(-c2ccc(OCC)cc2)n1,0
CCCCCC(C)NCc1coc(-c2ccc(OCCCC)cc2)n1,0
O/N=C(\NC1CCCCC1)c1ccc(F)cc1,1
O/N=C(\NC1CCCCC1)c1ccccc1,1
CCCCCC(C)NCc1coc(-c2ccc(-c3ccccc3)cc2)n1,1
CCCCc1ccc(-c2nc(CNC3CC(C)CC(C)(C)C3)co2)cc1,1
CCCCOc1ccc(-c2nc(CNC3CCCCCC3)co2)cc1,0
O/N=C(\NC1CCCC1)c1ccccc1-c1ccccc1,1
O/N=C(\NC1CCCCC1)c1ccccc1-c1ccccc1,1
CCCCCC(C)NCc1coc(-c2cccc(OC)c2)n1,0
O/N=C(/NC1CCCCC1)c1cccnc1Oc1ccccc1,1
CCCCCC(C)NCc1coc(-c2ccc(OC(C)C)cc2)n1,0
O/N=C(\NC1CCCCC1)c1c(F)cccc1F,1
O/N=C(\NCC1CC1)c1ccccc1-c1ccccc1,1
COc1ccc(/C(=N/O)NC2CCCCC2)cc1,0
CCCCCC(C)NCc1coc(-c2ccc(OC)cc2)n1,0
O/N=C(\NC1CCCCC1)c1ccccc1Oc1ccccc1,0
O/N=C(/NC1CCCCC1)c1cccnc1Oc1ccccc1F,1
CCCCc1ccc(-c2nc(CNC3CCCCCC3)co2)cc1,1
CCCCCC(C)NCc1ccc(-c2ccccc2)cc1,0
COc1ccccc1/C(=N/O)NC1CCCCC1,0
CCc1ccccc1Oc1ncccc1/C(=N\O)NC1CCCCC1,0
N=C(NC1CCCCC1)c1ccccc1-c1ccccc1,1
COc1cc(C)ccc1Oc1ncccc1/C(=N/O)NC1CCCCC1,1
CC(C)NS(=O)(=O)c1ccc(-c2c(C#N)c3ccc(OC(F)F)cc3n2C(C)C)nc1,1
CC(C)NS(=O)(=O)c1ccc(-c2c(C#N)c3ccc(C(F)F)cc3n2C2CCC2)nc1,0
CC(C)NS(=O)(=O)c1ccc(-c2c(C#N)c3ccc(OC(F)(F)F)cc3n2C2CCC2)nc1,1
CC(C)(NS(=O)(=O)c1ccc(-c2c(C#N)c3ccc(OC(F)F)cc3n2C2CCC2)nc1)C(F)(F)F,1
CC(C)NS(=O)(=O)c1ccc(-c2c(C#N)c3ccc(OC(F)F)cc3n2C2CCCC2)nc1,1
N#Cc1c(-c2ccc(S(=O)(=O)NC3(C(F)(F)F)CCC3)cn2)n(C2CCC2)c2cc(OC(F)F)ccc12,1
C[C@@H](NS(=O)(=O)c1ccc(-c2c(C#N)c3ccc(C4CC4)cc3n2C2CCC2)nc1)C(F)(F)F,1
C[C@H](NS(=O)(=O)c1ccc(-c2c(C#N)c3ccc(C4CC4)cc3n2C2CCC2)nc1)C(F)(F)F,0
CC(C)NS(=O)(=O)c1ccc(-c2c(C#N)c3ccc(OC(F)F)cc3n2C2CCC2)nc1,0
CC(C)(CF)NS(=O)(=O)c1ccc(-c2c(C#N)c3ccc(OC(F)F)cc3n2C2CCC2)nc1,0
CC(C)NS(=O)(=O)c1ccc(-c2c(C#N)c3ccc(C4CCC4)cc3n2C2CCC2)nc1,1
CCCn1c(-c2ccc(S(=O)(=O)NC(C)C)cn2)c(C#N)c2ccc(OC(F)F)cc21,0
C[C@H](NS(=O)(=O)c1ccc(-c2c(C#N)c3ccc(OC(F)F)cc3n2C2CCC2)nc1)C1CC1,0
CC(C)NS(=O)(=O)c1ccc(-c2c(C#N)c3cc(OC(F)(F)F)ccc3n2C2CCC2)nc1,1
CC(C)NS(=O)(=O)c1ccc(-c2c(C#N)c3ccc(SC(C)C)cc3n2C2CCC2)nc1,0
CC(C)NS(=O)(=O)c1ccc(-c2c(C#N)c3ccc(OC(F)F)cc3n2CC2CC2)nc1,0
CC(C)NS(=O)(=O)c1ccc(-c2c(C#N)c3ccc(OC(F)F)cc3n2C2CCCCC2)nc1,1
N#Cc1c(-c2ccc(S(=O)(=O)NC3CC(F)(F)C3)cn2)n(C2CCC2)c2cc(OC(F)F)ccc12,0
CC(C)NS(=O)(=O)c1ccc(-c2c(C#N)c3cc(OC(F)F)ccc3n2C2CCC2)nc1,0
CC(C)NS(=O)(=O)c1ccc(-c2c(C#N)c3ccc(C4CC4)cc3n2C2CCC2)nc1,1
N#Cc1c(-c2ccc(S(=O)(=O)NC(CF)CF)cn2)n(C2CCC2)c2cc(OC(F)F)ccc12,1
CC(C)NS(=O)(=O)c1ccc(-c2c(C#N)c3ccc(OC(F)F)cc3n2CC2CC2)cc1,0
C[C@@H](NS(=O)(=O)c1ccc(-c2c(C#N)c3ccc(OC(F)F)cc3n2C2CCC2)nc1)C(F)(F)F,1
C[C@H](NS(=O)(=O)c1ccc(-c2c(C#N)c3ccc(OC(F)F)cc3n2C2CCC2)nc1)C(F)(F)F,1
N#Cc1c(-c2ccc(S(=O)(=O)NC(CO)CO)cn2)n(C2CCC2)c2cc(OC(F)F)ccc12,1
N#Cc1c(-c2ccc(S(=O)(=O)NCC(F)(F)F)cn2)n(C2CCC2)c2cc(OC(F)F)ccc12,1
N#Cc1c(-c2ccc(S(=O)(=O)NC3(C(F)(F)F)CC3)cn2)n(C2CCC2)c2cc(OC(F)F)ccc12,1
CC(C)S(=O)(=O)Nc1ccc(-c2c(C#N)c3ccc(OC(F)F)cc3n2CC2CC2)cc1,1
CC(C)NS(=O)(=O)c1cnc(-c2c(C#N)c3ccc(OC(F)F)cc3n2CC2CC2)nc1,1
N#Cc1c(-c2ccc(S(=O)(=O)NC(CF)CF)cn2)n(C2CCC2)c2cc(C3CC3)ccc12,1
N#Cc1c(-c2ccc(S(N)(=O)=O)cn2)n(C2CCC2)c2cc(OC(F)F)ccc12,1
CC(C#N)NS(=O)(=O)c1ccc(-c2c(C#N)c3ccc(OC(F)F)cc3n2C2CCC2)nc1,1
CC(C)(C)NS(=O)(=O)c1ccc(-c2c(C#N)c3ccc(OC(F)F)cc3n2C2CCC2)nc1,1
N#Cc1c(-c2ccc(S(=O)(=O)NC3(C(F)(F)F)CC3)cn2)n(C2CCC2)c2cc(C3CC3)ccc12,1
CC(C)NS(=O)(=O)c1ccc(-c2c(C#N)c3ccc(OC(F)F)cc3n2CC2CC2)cn1,0
CC(C)NS(=O)(=O)c1ccc(-c2c(C#N)c3cc(C4CC4)ccc3n2C2CCC2)nc1,1
CC(C)NS(=O)(=O)c1ccc(-c2c(C#N)c3cc(F)ccc3n2C2CCC2)nc1,0
CC(C)NS(=O)(=O)c1ccc(-c2c(C#N)c3ccc(OCC(F)F)cc3n2C2CCC2)nc1,0
CC[C@H]1C[C@@H](C(=O)NC[C@@H]2CCCO2)CN(Cc2nc(N3CCOCC3)oc2C)C1,1
COC[C@H]1C[C@@H](C(=O)NCc2cccc(C)n2)CN(Cc2nc(-c3ccccc3)oc2C)C1,0
CC[C@@H]1C[C@@H](C(=O)NC[C@H]2CCCO2)CN(Cc2nc(-c3ccncn3)[nH]c2C)C1,0
Cc1cccc(CNC(=O)[C@@H]2C[C@@H](c3nc(C)no3)CN(Cc3nc(-c4ccccc4)oc3C)C2)n1,0
CCCN1Cc2nc3c(CC(C)(C)C)cccc3c(N)c2C1=O,0
CCC(C)(C)N1Cc2nc3c(-c4cc(OC)ccc4OC)cccc3c(N)c2C1=O,0
COc1ccc(OC)c(-c2cccc3c(N)c4c(nc23)CN(C2CC(C)C2)C4=O)c1,0
CCN1Cc2nc3c(-c4cc(OC)ccc4OC)c(F)ccc3c(N)c2C1=O,1
COc1ccc(OC)c(-c2c(F)ccc3c(N)c4c(nc23)CN(C2CC2)C4=O)c1,0
CCCNC(=O)c1nnc2c(-c3ccc(OC)cc3OC)c(F)ccc2c1N,0
COc1ccc(OC)c(-c2c(F)ccc3c(N)c4c(nc23)CN(C2CCC2)C4=O)c1,0
Cc1cc(C#N)oc1-c1c2c(=O)n(C)c(=O)n(CC3CC3)c2nn1Cc1ccnc2ccc(Cl)cc12,0
Cc1c[nH]nc1-c1c2c(=O)n(C)c(=O)n(CC3CC3)c2nn1Cc1ccnc2ccc(Cl)cc12,0
Cn1cc(C#N)cc1-c1c2c(=O)n(CCn3ccnn3)c(=O)n(CC3CC3)c2nn1Cc1ccnc2ccc(Cl)cc12,0
Cc1oc(C#N)cc1-c1c2c(=O)n(C)c(=O)n(CC3CC3)c2nn1Cc1ccnc2ccc(Cl)cc12,0
Cn1cnnc1-c1c2c(=O)n(C)c(=O)n(CC3CC3)c2nn1Cc1ccnc2ccc(Cl)cc12,1
Cn1cc(C#N)nc1-c1c2c(=O)n(C3CC3)c(=O)n(CC3CC3)c2nn1Cc1ccnc2ccc(Cl)cc12,1
CC(C)Cn1c(=O)n(C)c(=O)c2c(-c3cccn3C)n(Cc3ccnc4ccc(Cl)cc34)nc21,0
Cc1nc(N)sc1-c1c2c(=O)n(C)c(=O)n(CC3CC3)c2nn1Cc1ccnc2ccc(Cl)cc12,1
Cc1nc[nH]c1-c1c2c(=O)n(C)c(=O)n(CC3CC3)c2nn1Cc1ccnc2ccc(Cl)cc12,0
C#CCn1c(=O)c2c(-c3nc(C#N)cn3C)n(Cc3ccnc4ccc(Cl)cc34)nc2n(CC2CC2)c1=O,1
CCn1c(=O)c2c(-c3nc(C#N)cn3C)n(Cc3ccnc4ccc(Cl)cc34)nc2n(CC2CC2)c1=O,0
Cc1sc(N)nc1-c1c2c(=O)n(C)c(=O)n(CC3CC3)c2nn1Cc1ccnc2ccc(Cl)cc12,0
C#CCn1c(=O)c2c(-c3cc(C#N)cn3C)n(Cc3ccnc4ccc(Cl)cc34)nc2n(CC2CC2)c1=O,1
C#CC(C)n1c(=O)c2c(-c3cc(C#N)cn3C)n(Cc3ccnc4ccc(Cl)cc34)nc2n(CC2CC2)c1=O,0
CC(C)n1c(=O)c2c(-c3cncn3C)n(Cc3ccnc4ccc(Cl)cc34)nc2n(CC2CC2)c1=O,0
Cn1cc(C#N)nc1-c1c2c(=O)n(C)c(=O)n(CC3CC3)c2nn1Cc1ccnc2ccc(Cl)cc12,1
Cn1cc(C#N)cc1-c1c2c(=O)n(C3CC3)c(=O)n(CC3CC3)c2nn1Cc1ccnc2ccc(Cl)cc12,0
Cn1cncc1-c1c2c(=O)n(C3CC3)c(=O)n(CC3CC3)c2nn1Cc1ccnc2ccc(Cl)cc12,1
Cn1cc(C#N)cc1-c1c2c(=O)n(CC#CCn3ccnc3)c(=O)n(CC3CC3)c2nn1Cc1ccnc2ccc(Cl)cc12,0
C=CCn1c(=O)c2c(-c3nc(C#N)cn3C)n(Cc3ccnc4ccc(Cl)cc34)nc2n(CC2CC2)c1=O,0
CC(C)n1c(=O)c2c(-c3cc(C#N)cn3C)n(Cc3ccnc4ccc(Cl)cc34)nc2n(CC2CC2)c1=O,0
Cn1cc(C#N)cc1-c1c2c(=O)n(CC#N)c(=O)n(CC3CC3)c2nn1Cc1ccnc2ccc(Cl)cc12,1
C=CCn1c(=O)c2c(-c3cc(C#N)cn3C)n(Cc3ccnc4ccc(Cl)cc34)nc2n(CC2CC2)c1=O,0
Cn1cc(C#N)cc1-c1c2c(=O)n(CC#CCO)c(=O)n(CC3CC3)c2nn1Cc1ccnc2ccc(Cl)cc12,0
C#CCn1c(=O)c2c(-c3cncn3C)n(Cc3ccnc4ccc(Cl)cc34)nc2n(CC2CC2)c1=O,1
Cn1cc(C#N)cc1-c1c2c(=O)n(CC#CCn3cccn3)c(=O)n(CC3CC3)c2nn1Cc1ccnc2ccc(Cl)cc12,0
Cn1ncnc1-c1c2c(=O)n(C)c(=O)n(CC3CC3)c2nn1Cc1ccnc2ccc(Cl)cc12,0
CC(C)Cn1c(=O)n(C)c(=O)c2c(-c3cc(C#N)cn3C)n(Cc3ccnc4ccc(Cl)cc34)nc21,0
CCn1c(=O)c2c(-c3cncn3C)n(Cc3ccnc4ccc(Cl)cc34)nc2n(CC2CC2)c1=O,1
C#CC(C)n1c(=O)c2c(-c3cncn3C)n(Cc3ccnc4ccc(Cl)cc34)nc2n(CC2CC2)c1=O,0
Cn1cc(C#N)cc1-c1c2c(=O)n(CC#CCn3cncn3)c(=O)n(CC3CC3)c2nn1Cc1ccnc2ccc(Cl)cc12,0
CC(=O)c1cc(-c2c3c(=O)n(C)c(=O)n(CC4CC4)c3nn2Cc2ccnc3ccc(Cl)cc23)n(C)c1,1
Cn1cc(C#N)cc1-c1c2c(=O)n(CCO)c(=O)n(CC3CC3)c2nn1Cc1ccnc2ccc(Cl)cc12,0
CC(C)Cn1c(=O)n(C)c(=O)c2c(-c3cncn3C)n(Cc3ccnc4ccc(Cl)cc34)nc21,1
CC#CCn1c(=O)c2c(-c3cc(C#N)cn3C)n(Cc3ccnc4ccc(Cl)cc34)nc2n(CC2CC2)c1=O,0
Cn1cc(C#N)cc1-c1c2c(=O)n(CCn3cccn3)c(=O)n(CC3CC3)c2nn1Cc1ccnc2ccc(Cl)cc12,0
CCn1c(=O)c2c(-c3cc(C#N)cn3C)n(Cc3ccnc4ccc(Cl)cc34)nc2n(CC2CC2)c1=O,0
Cn1cncc1-c1c2c(=O)n(C)c(=O)n(CC3CC3)c2nn1Cc1ccnc2ccc(Cl)cc12,1
Cn1cncc1-c1c2c(=O)n(CC3CC3)c(=O)n(CC3CC3)c2nn1Cc1ccnc2ccc(Cl)cc12,1
CCN(C(=O)NCc1ccccc1F)C1CCN(CCC(c2ccccc2)c2ccccc2)CC1,0
CCN(C(=O)NCc1ccc(F)cc1)C1CCN(CCC(c2ccccc2)c2ccccc2)CC1,0
CCN(C(=O)NCc1ccc(S(C)(=O)=O)cc1)C1CCN(CCC(c2ccccc2)C2CCN(Cc3ccc4ccccc4n3)CC2)CC1,0
CCN(C(=O)NCc1cc(F)cc(F)c1)C1CCN(CCC(c2ccccc2)c2ccccc2)CC1,1
CCN(C(=O)NCc1ccccc1)C1CCN(CCC(c2ccccc2)c2ccccc2)CC1,1
CCN(C(=O)NCc1cccc(F)c1)C1CCN(CCC(c2ccccc2)c2ccccc2)CC1,0
CCN(C(=O)NCc1cc(F)ccc1F)C1CCN(CCC(c2ccccc2)c2ccccc2)CC1,1
CCN(C(=O)NCc1ccc(S(C)(=O)=O)cc1)C1CCN(CCC(c2ccc(F)cc2)C2CCN(Cc3cccnc3)CC2)CC1,1
O=C(NCc1ccc(OC(F)(F)F)cc1)C1c2ccccc2C(=O)N1Cc1ccc(C(F)(F)F)cn1,0
CC(C)(CN1C(=O)c2ccccc2C1C(=O)NCc1ccc(OC(F)(F)F)cc1)c1ccccn1,0
O=C(NCc1ccc(OC(F)(F)F)cc1)C1c2ccccc2C(=O)N1CC1CC(F)(F)C1,0
Cc1cccc2c1C(C(=O)NCc1ccc(OC(F)(F)F)cc1)N(CCc1ccccn1)C2=O,0
O=C(NCc1ccc(OC(F)(F)F)cc1)C1c2ccccc2C(=O)N1CCOc1ccccn1,0
O=C(NCc1ccc(CC(F)(F)F)cc1)C1c2ccccc2C(=O)N1CCc1ccccn1,0
CC1(C(=O)NCc2ccc(OC(F)(F)F)cc2)c2ccccc2C(=O)N1CCc1ccccn1,0
O=C(NCc1ccccc1Br)C1c2ccccc2C(=O)N1CCc1ccccn1,0
O=C(NCc1ccc(OC(F)(F)F)cc1)C1c2ccccc2C(=O)N1C1CC(F)(F)C1,1
O=C(NCc1ccc(OC(F)(F)F)cc1)C1c2ccccc2C(=O)N1CCCc1ccccn1,0
O=C(NCc1ccc(Br)cc1)C1c2ccccc2C(=O)N1CCc1ccccn1,0
O=C(NCc1ccc(F)c(C(F)(F)F)c1)C1c2ccccc2C(=O)N1CCc1ncc(F)cn1,1
O=C(NCc1ccc(OC(F)(F)F)cc1)C1c2cccc(O)c2C(=O)N1CCc1ccccn1,0
O=C(NCc1ccc(OC(F)(F)F)cc1)C1c2ccccc2C(=O)N1CCc1ncccn1,0
O=C(NCc1ccc(OC(F)(F)F)cc1)C1c2ccccc2C(=O)N1CCN1CCOCC1,0
O=C(NCc1ccc(F)c(OC(F)(F)F)c1)C1c2ccccc2C(=O)N1CCc1ncc(F)cn1,0
O=C(NCc1ccc(C(F)(F)F)cc1)C1c2ccccc2C(=O)N1CCc1ccccn1,0
O=C(NCc1ccc(OC(F)(F)F)cc1)C1c2ccccc2C(=O)N1CCC(F)(F)F,1
O=C(NCc1ccc(OC(F)(F)F)cc1)C1c2ccccc2C(=O)N1CC(F)(F)c1ccccn1,0
O=C(NCc1ccc(OC(F)(F)F)cc1)C1c2cccc(F)c2C(=O)N1CCc1ccccn1,0
O=C(NCc1ccc(OC(F)(F)F)cc1)C1c2c(O)cccc2C(=O)N1CCc1ccccn1,0
O=C(NCc1ccc(OC(F)(F)F)cc1)C1c2ccccc2C(=O)N1CCOCC(F)(F)F,0
O=C(NCc1ccc(OCCC(F)(F)F)nc1)C1c2ccccc2C(=O)N1CCc1ccccn1,0
O=C(NCc1cccc(OC(F)(F)F)c1)C1c2ccccc2C(=O)N1CCc1ccccn1,0
O=C(NCc1ccc(OC(F)F)nc1)C1c2ccccc2C(=O)N1CCc1ccccn1,0
O=C(NCc1ccc(OC(F)(F)F)cc1)C1c2ccccc2C(=O)N1CCc1cnccn1,0
O=C(NCc1ccc(OC(F)(F)F)cc1)C1c2ccccc2C(=O)N1CCc1ccccn1,0
N#C[C@H]1CC[C@H](N2C(=O)c3ccccc3C2C(=O)NCc2ccc(OC(F)(F)F)cc2)CC1,1
O=C(NCc1ccc(OC(F)(F)F)cc1)C1c2ccccc2C(=O)N1C1CCC(F)(F)CC1,0
Cc1cccc(CCN2C(=O)c3ccccc3C2C(=O)NCc2ccc(OC(F)(F)F)cc2)n1,0
O=C(NCc1ccc(OC(F)(F)F)cc1)C1c2ccccc2C(=O)N1CCc1ccc(F)cn1,0
O=C(NCc1ccc(OC(F)(F)F)cc1)C1c2ccccc2C(=O)N1C1CCOCC1,1
CC(Cc1ccccn1)N1C(=O)c2ccccc2C1C(=O)NCc1ccc(OC(F)(F)F)cc1,0
O=C(NCc1ccc(OCC(F)(F)F)nc1)C1c2ccccc2C(=O)N1CCc1ccccn1,0
O=C(NCc1ccc(OC(F)(F)F)cc1)C1c2ccccc2C(=O)N1CCC1CCOCC1,0
O=C(NCc1ccc(OC(F)(F)F)cc1)C1c2ccccc2C(=O)N1CCc1ncc(F)cn1,0
O=C(NCc1cccc(OC(F)(F)F)c1)C1c2ccccc2C(=O)N1CCc1ncc(F)cn1,0
CC(CC#N)N1C(=O)c2ccccc2C1C(=O)NCc1ccc(OC(F)(F)F)cc1,1
O=C(NCc1cccc(Br)c1)C1c2ccccc2C(=O)N1CCc1ccccn1,0
O=C(NCc1ccc(OC(F)(F)F)cc1)C1c2cccc(O)c2C(=O)N1CCc1ncc(F)cn1,0
c1ccc(Cn2ccc3c(OC4CN(Cc5cscn5)C4)ncnc32)cc1,0
Fc1c(Cn2ccc3c(OC4CCN(Cc5cscn5)CC4)ncnc32)cccc1C(F)(F)F,0
Clc1ccc(Cn2ccc3c(OC4CCN(Cc5cscn5)CC4)ncnc32)cc1,0
FC(F)(F)c1ccc(Cn2ccc3c(OC4CCN(Cc5cscn5)CC4)ncnc32)cc1,0
c1ccc(Cn2ccc3c(OC4CCN(Cc5cscn5)CC4)ncnc32)cc1,0
Cc1ccc(Cn2ccc3c(OC4CCN(Cc5cscn5)CC4)ncnc32)cc1,0
c1nc(OC2CCN(Cc3cscn3)CC2)c2ccn(CC3CCCCC3)c2n1,0
c1ccc(Cn2ccc3c(Oc4ccc(Cc5cscn5)cc4)ncnc32)cc1,0
FC(F)(F)c1nc(OC2CCN(Cc3cscn3)CC2)c2ccn(Cc3ccccc3)c2n1,0
c1ccc(-n2ccc3c(OC4CCN(Cc5cscn5)CC4)ncnc32)cc1,0
CC1(C)C(=O)N(Cc2ccccc2)c2ncnc(OC3CCN(Cc4cscn4)CC3)c21,0
Fc1ccc(Cn2ccc3c(OC4CCN(Cc5cscn5)CC4)ncnc32)cc1,0
Fc1cccc(F)c1Cn1ccc2c(OC3CCN(Cc4cscn4)CC3)ncnc21,0
Cc1c(C)n(Cc2ccccc2)c2ncnc(OC3CCN(Cc4cscn4)CC3)c12,0
Cc1nc(OC2CCN(Cc3cscn3)CC2)c2ccn(Cc3ccccc3)c2n1,0
FC(F)(F)c1ccccc1Cn1ccc2c(OC3CCN(Cc4cscn4)CC3)ncnc21,0
Fc1ccccc1Cn1ccc2c(OC3CCN(Cc4cscn4)CC3)ncnc21,0
Fc1c(Cn2ccc3c(OC4CCN(Cc5ccccn5)CC4)ncnc32)cccc1C(F)(F)F,0
c1ccc(Cn2ccc3c(OC4CCN(Cc5cscn5)C4)ncnc32)cc1,0
Cc1ccccc1Cn1ccc2c(OC3CCN(Cc4cscn4)CC3)ncnc21,0
Fc1c(Cl)cccc1Cn1ccc2c(OC3CCN(Cc4cscn4)CC3)ncnc21,0
Cc1cccc(Cn2ccc3c(OC4CCN(Cc5cscn5)CC4)ncnc32)c1,0
Fc1cccc(CN2CCC(Oc3ncnc4c3ccn4Cc3ccccc3)CC2)n1,0
Cc1ccnc(CN2CCC(Oc3ncnc4c3ccn4Cc3ccccc3)CC2)c1,0
FC(F)(F)c1cccc(Cn2ccc3c(OC4CCN(Cc5cscn5)CC4)ncnc32)c1,0
Fc1cn(Cc2ccccc2)c2ncnc(OC3CCN(Cc4cscn4)CC3)c12,0
c1ccc(CCn2ccc3c(OC4CCN(Cc5cscn5)CC4)ncnc32)cc1,0
Fc1ccc(CN2CCC(Oc3ncnc4c3ccn4Cc3ccccc3)CC2)nc1,0
c1ccc(Cn2ccc3c(OC4CCN(c5ccccc5)CC4)ncnc32)cc1,0
CC1(C)CN(Cc2ccccc2)c2ncnc(OC3CCN(Cc4cscn4)CC3)c21,0
Cn1ccnc1CN1CCC(Oc2ncnc3c2ccn3Cc2ccccc2)CC1,0
N#Cc1cc2ncnc(Nc3ccc(Oc4cccc(C(F)(F)F)c4)c(Cl)c3)c2n1CCOCCO,0
OCCOCCn1ccc2ncnc(Nc3cnc(Oc4cccc(C(F)(F)F)c4)c(Cl)c3)c21,0
OCCOCCn1ccc2ncnc(Nc3ccc(Oc4cccc(Cl)c4)c(Cl)c3)c21,0
Cc1cc2ncnc(Nc3ccc(Oc4cccc(C(F)(F)F)c4)c(Cl)c3)c2n1CCOCCO,0
OCCOCCn1ccc2ncnc(Nc3ccc(Oc4cccc(C(F)(F)F)c4)c(Cl)c3)c21,0
Clc1cc(Nc2ncnc3cc[nH]c23)ccc1OCc1ccccn1,0
CC1CN(Cc2ccc(OCCC3CCCCC3)cc2)C(=O)O1,1
O=C1OC2(CCOCC2)CN1Cc1ccc(OCC2CCCCC2)cc1,0
CC1CN(Cc2ccc(OC3CCCCC3)cc2)C(=O)O1,0
CC(Oc1ccc(CN2CCCOC2=O)cc1)C1CCCCC1,1
CC(Oc1ccc(CN2C[C@@H](C)OC2=O)cc1)C1CCCCC1,0
CC(Oc1ccc(CN2C[C@H](C)OC2=O)cc1)C1CCCCC1,0
CC1CN(Cc2ccc(OC(C)C3CCCCC3)cc2)C(=O)O1,0
O=C1OCCCN1Cc1ccc(OCC2CCCCC2)cc1,1
C[C@@H]1CN(Cc2ccc(-c3ccc(F)c(F)c3)cn2)C(=O)O1,1
C[C@@H]1CN(Cc2ccc(-c3ccc(F)cc3F)cc2)C(=O)O1,1
CC1CN(Cc2ccc(OCc3ccccc3)cc2)C(=O)O1,1
COc1ccc(-c2ccc(CN3C[C@@H](C)OC3=O)cc2)cc1,0
C[C@@H]1CN(Cc2ccc(-c3ccc(F)c(Cl)c3)cc2)C(=O)O1,1
C[C@@H]1CN(Cc2ccc(-c3cccc(F)c3)cc2)C(=O)O1,0
CC(Oc1ccc(CN2C[C@@H](C)OC2=O)cn1)C1CCCCC1,0
O=C1OCCN1Cc1ccc(OCC2CCCCC2)cc1,1
C[C@@H]1CN(Cc2ccc(-c3ccc(F)cc3)cc2)C(=O)O1,1
CC(c1ccc(CN2C[C@@H](C)OC2=O)cc1)N1CCCCC1,1
C[C@@H]1CN(Cc2ccc(-c3ccccc3)cc2)C(=O)O1,0
C[C@@H]1CN(Cc2ccc(-c3ccc(Cl)cc3)cc2)C(=O)O1,1
C[C@@H]1CN(Cc2ccc(-c3ccccc3Cl)cc2)C(=O)O1,0
C[C@@H]1CN(Cc2ccc(-c3ccccc3F)cc2)C(=O)O1,0
CCOc1ccccc1-c1ccc(CN2C[C@@H](C)OC2=O)cc1,0
C[C@@H]1CN(Cc2ccc(-c3ccc(OC(F)(F)F)cc3F)nc2)C(=O)O1,1
C[C@@H]1CN(Cc2ccc(-c3ccc(F)c(Cl)c3)nc2)C(=O)O1,1
O=S1(=O)N=C(NCc2ccc(S(=O)(=O)c3ccccc3)cc2)Nc2ccncc21,1
O=S1(=O)N=C(NCc2ccc(S(=O)(=O)N3CCC(N4CCCC4)CC3)cc2)Nc2ccncc21,1
CC(C)(CO)NC(=O)c1c[nH]c2ncc(-n3ncc4ccc(Cl)cc43)nc12,0
CC(C)(CO)NC(=O)c1c[nH]c2ncc(-c3nn(CCC(O)CO)c4cc(F)ccc34)nc12,1
CC(C)(C)NC(=O)c1c[nH]c2ncc(-c3ncn4c3CCCC4)nc12,0
Cc1ccc2c(-c3cnc4[nH]cc(C(=O)NC5(C)CCNC5)c4n3)nn(C)c2c1,1
CN(C)CCCn1nc(-c2cnc3[nH]cc(C(=O)NC(C)(C)CO)c3n2)c2cc(OC(F)F)ccc21,1
CC(C)NC(=O)[C@H]1CN(C)C[C@@H]1c1ccc(/C=C/C(=O)Nc2ccccc2N)cc1,1
CC(C)(CO)N1C[C@H](C(=O)Nc2ccc(Cl)cc2)[C@@H](c2ccc(/C=C/C(=O)Nc3ccccc3N)cc2)C1,1
CN1C[C@H](C(=O)Nc2ccc(F)cc2F)[C@@H](c2ccc(/C=C/C(=O)Nc3ccccc3N)cc2)C1,1
Nc1ccccc1NC(=O)/C=C/c1ccc([C@H]2CN(CCF)C[C@@H]2C(=O)Nc2ccc(Cl)cc2)cc1,0
CN1C[C@H](C(=O)NC2CC2)[C@@H](c2ccc(/C=C/C(=O)Nc3ccccc3N)cc2)C1,1
CN1C[C@H](C(=O)Nc2ccc(F)cc2)[C@@H](c2ccc(/C=C/C(=O)Nc3ccccc3N)cc2)C1,1
CN1C[C@H](C(=O)Nc2ccc(F)c(Br)c2)[C@@H](c2ccc(/C=C/C(=O)Nc3ccccc3N)cc2)C1,0
CC(C)c1ccc(NC(=O)[C@H]2CN(C)C[C@@H]2c2ccc(/C=C/C(=O)Nc3ccccc3N)cc2)cc1,1
CN1C[C@H](C(=O)Nc2ccccc2F)[C@@H](c2ccc(/C=C/C(=O)Nc3ccccc3N)cc2)C1,1
CN1C[C@H](C(=O)Nc2ccc(C3CC3)cc2)[C@@H](c2ccc(/C=C/C(=O)Nc3ccccc3N)cc2)C1,1
CN1C[C@H](C(=O)NC2CCCC2)[C@@H](c2ccc(/C=C/C(=O)Nc3ccccc3N)cc2)C1,1
Nc1ccccc1NC(=O)/C=C/c1ccc([C@H]2CN(C3COC3)C[C@@H]2C(=O)Nc2ccc(Cl)cc2)cc1,0
CN1C[C@H](C(=O)Nc2ccc(Cl)cc2)[C@@H](c2ccc(/C=C/C(=O)Nc3ccccc3N)cc2)C1,1
Nc1ccccc1NC(=O)/C=C/c1ccc([C@H]2CN(CCO)C[C@@H]2C(=O)Nc2ccc(Cl)cc2)cc1,1
CN1C[C@H](C(=O)Nc2ccc(F)c(F)c2)[C@@H](c2ccc(/C=C/C(=O)Nc3ccccc3N)cc2)C1,1
CC(C)(C)N1C[C@H](C(=O)Nc2ccc(Cl)cc2)[C@@H](c2ccc(/C=C/C(=O)Nc3ccccc3N)cc2)C1,1
Cc1ccc(NC(=O)[C@H]2CN(C)C[C@@H]2c2ccc(/C=C/C(=O)Nc3ccccc3N)cc2)cc1,0
Cc1cccc(NC(=O)[C@H]2CN(C)C[C@@H]2c2ccc(/C=C/C(=O)Nc3ccccc3N)cc2)c1,0
CN1C[C@H](C(=O)Nc2ccc(Cl)cc2)[C@@H](c2ccc(/C=C/C(=O)Nc3ccccc3N)cc2F)C1,0
CN1C[C@H](C(=O)Nc2ccc(Cl)c(Cl)c2)[C@@H](c2ccc(/C=C/C(=O)Nc3ccccc3N)cc2)C1,0
CN1C[C@H](C(=O)Nc2cccc(F)c2)[C@@H](c2ccc(/C=C/C(=O)Nc3ccccc3N)cc2)C1,1
CN1C[C@H](C(=O)Nc2ccc(Cl)cc2)[C@@H](c2ccc(/C=C/C(=O)Nc3ccccc3N)nn2)C1,1
Cc1n[nH]c(C)c1-c1ccc2c(c1)N(c1nc3c(s1)C(=O)NC(C)(C)C3)CCO2,1
CN(C)c1ccc(-c2ccc3c(c2)N(c2nc4c(s2)C(=O)NC(C)(C)C4)CCO3)nn1,0
CC1(C)Cc2nc(N3CCOc4ccc(-c5ccc(N6CCNCC6)nn5)cc43)sc2C(=O)N1,1
CC1(C)Cc2nc(N3CCOc4ccc(-c5ccc(N)nn5)cc43)sc2C(=O)N1,1
CC1(C)Cc2nc(N3CCOc4ccc(-c5cnn(CCN)c5)cc43)sc2C(=O)N1,1
COC[C@@H](O)Cn1cc(-c2ccc3c(c2)N(c2nc4c(s2)C(=O)NC(C)(C)C4)CCO3)cn1,1
COC[C@H](O)Cn1cc(-c2ccc3c(c2)N(c2nc4c(s2)C(=O)NC(C)(C)C4)CCO3)cn1,1
COCC(O)Cn1cc(-c2ccc3c(c2)N(c2nc4c(s2)C(=O)NC(C)(C)C4)CCO3)cn1,1
Cn1cc(-c2ccc3c(c2)N(c2nc4c(s2)C(=O)NC(C)(C)C4)CCO3)cn1,1
CC1(C)Cc2nc(N3CCOc4ccc(-c5cn[nH]c5)cc43)sc2C(=O)N1,0
Cc1nn(CC(C)(C)O)c(C)c1-c1ccc2c(c1)N(c1nc3c(s1)C(=O)NC(C)(C)C3)CCO2,1
CCn1cc(-c2ccc3c(c2)N(c2nc4c(s2)C(=O)NC(C)(C)C4)CCO3)cn1,0
CC1(C)Cc2nc(N3CCOc4ccc(-c5cnn(Cc6ccccc6)c5)cc43)sc2C(=O)N1,0
CN(C)CCCn1cc(-c2ccc3c(c2)N(c2nc4c(s2)C(=O)NC(C)(C)C4)CCO3)cn1,1
CC1(C)Cc2nc(N3CCOc4ccc(-c5cnn(Cc6cccnc6)c5)cc43)sc2C(=O)N1,0
CC(C)(O)Cn1cc(-c2ccc3c(c2)N(c2nc4c(s2)C(=O)NC(C)(C)C4)CCO3)cn1,1
CN1CCN(CCCNC(=O)[C@@H](Cc2ccc(Cl)cc2)NC(=O)Cc2ccc(Cl)cc2)CC1,0
O=C(Cc1ccc(Cl)cc1)N[C@H](Cc1ccc(Cl)cc1)C(=O)NC1CCNCC1,0
O=C(Cc1ccc(Cl)cc1)N[C@H](Cc1ccc(Cl)cc1)C(=O)NCCCO,0
CN(C)CCCNC(=O)[C@@H](Cc1ccc(Cl)cc1)NC(=O)Cc1ccc(Cl)cc1,1
CN(C)[C@H]1CC[C@H](NC(=O)[C@@H](Cc2ccc(F)cc2)NC(=O)C2(c3ccc(Cl)cc3)CC2)CC1,0
CN(C)[C@H]1CC[C@H](NC(=O)[C@@H](Cc2ccc(Cl)cc2)NC(=O)C2(c3ccc(F)cc3)CC2)CC1,0
CC(CCO)NC(=O)[C@@H](Cc1ccc(Cl)cc1)NC(=O)Cc1ccc(Cl)cc1,0
CC(O)CCNC(=O)[C@@H](Cc1ccc(Cl)cc1)NC(=O)Cc1ccc(Cl)cc1,0
O=C(Cc1ccc(Cl)cc1)N[C@H](Cc1ccc(Cl)cc1)C(=O)N[C@H]1CC[C@@H](O)CC1,0
CN(C)[C@H]1CC[C@H](NC(=O)[C@@H](Cc2ccc(Cl)cc2)NC(=O)Cc2ccc(F)cc2)CC1,1
CN(C)[C@H]1CC[C@H](NC(=O)[C@@H](Cc2ccc(Cl)cc2)NC(=O)Cc2ccc(Cl)cc2)CC1,1
CCCNC(=O)[C@@H](Cc1ccc(Cl)cc1)NC(=O)Cc1ccc(Cl)cc1,0
CN(C)CC1CCN(C(=O)[C@@H](Cc2ccc(Cl)cc2)NC(=O)Cc2ccc(Cl)cc2)CC1,0
CN1CCC(NC(=O)[C@@H](Cc2ccc(Cl)cc2)NC(=O)Cc2ccc(Cl)cc2)CC1,0
COc1ccc(C[C@@H](NC(=O)C2(c3ccc(Cl)cc3)CC2)C(=O)N[C@H]2CC[C@H](N(C)C)CC2)cc1,0
N#CCNC(=O)[C@@H]1CCCC[C@H]1C(=O)N1CCc2[nH]c3ccc(F)cc3c2C1,1
CCOc1cccc2c3c([nH]c12)CCN(C(=O)[C@@H]1CCCC[C@H]1C(=O)NC1(C#N)CC1)C3,1
COc1ccc2[nH]c3c(c2c1)CN(C(=O)[C@@H]1CCCC[C@H]1C(=O)NC1(C#N)CC1)CC3,0
N#CCNC(=O)[C@@H]1CCCC[C@H]1C(=O)N1CCc2ccccc2C1,0
N#CC1(NC(=O)[C@@H]2CCCC[C@H]2C(=O)N2CCc3[nH]c4cc(F)ccc4c3C2)CC1,0
C[C@H](C#N)NC(=O)[C@@H]1CCCC[C@H]1C(=O)N1CCc2[nH]c3ccc(F)cc3c2C1,1
COc1ncc(-c2ccccc2C(F)(F)CNC(=O)c2ccc(COCC(F)(F)F)nc2)cn1,1
COc1ncc(-c2c(C)ccc(F)c2CCNC(=O)c2ccc(OCCC(F)(F)F)nc2)cn1,0
COc1ncc(-c2cc(C)cnc2CCNC(=O)c2ccc(COCC(F)(F)F)nc2)cn1,1
COc1cnc(-c2ccc(Cl)cc2CCNC(=O)c2ccc(COCC(F)(F)F)nc2)cn1,0
O=C(NCCc1ccccc1-c1cnc(OC(F)F)cn1)c1ccc(OCCC(F)(F)F)nc1,0
COc1ncc(-c2cccc(OC(F)F)c2CCNC(=O)c2ccc(OCCC(F)(F)F)nc2)cn1,1
COc1ncc(-c2cccnc2CCNC(=O)c2ccc(OCCC(F)(F)F)nc2)cn1,1
COc1ncc(-c2cccc(OC)c2CCNC(=O)c2ccc(OCCC(F)(F)F)nc2)cn1,0
COc1ccc(CCNC(=O)c2ccc(OCCC(F)(F)F)nc2)c(-c2cnc(OC)nc2)c1,0
O=C(NCCc1ccccc1-c1ccc(CO)nc1)c1ccc(OCCC(F)(F)F)nc1,1
O=C(NCCc1ccccc1-c1cccnc1)c1ccc(OCCC(F)(F)F)nc1,0
COc1ncc(-c2cccc(C#N)c2CCNC(=O)c2ccc(OCCC(F)(F)F)nc2)cn1,1
COc1ncc(-c2cccc(Cl)c2CCNC(=O)c2ccc(OCCC(F)(F)F)nc2)cn1,1
Cc1ncc(-c2ccccc2CCNC(=O)c2ccc(OCCC(F)(F)F)nc2)cn1,1
COc1ncc(-c2ccccc2CCNC(=O)c2ccc(OCCC(F)(F)F)nc2)cn1,1
COc1ncc(-c2ccc(C)nc2CCNC(=O)c2ccc(OCCC(F)(F)F)nc2)cn1,1
COc1ncc(-c2cccc(F)c2CCNC(=O)c2ccc(OCCC(F)(F)F)nc2)cn1,1
COc1cnc(-c2ccccc2CCNC(=O)c2ccc(OCCC(F)(F)F)nc2)cn1,0
Cc1ncc(-c2ccccc2CCNC(=O)c2ccc(COCC(F)(F)F)nc2)cn1,1
COc1ncc(-c2cccc(C)c2CCNC(=O)c2ccc(OCCC(F)(F)F)nc2)cn1,0
Cc1ncc(-c2ccccc2CCNC(=O)c2ccc(OCCOCC(F)(F)F)nc2)cn1,0
Cc1ncc(-c2ccccc2CCNC(=O)c2ccc(C(=O)NCCCC(F)(F)F)nc2)cn1,1
Cc1cnn(CCOc2cc(Cl)cc(Cl)c2-c2nc(N)nc3c2CN(C(=O)NC24CC(C2)C4)C3)c1,0
Nc1nc2c(c(-c3c(Cl)cc(Cl)cc3OCCc3ccccn3)n1)CN(C(=O)NC1CCC1)C2,0
Cc1cc(Cl)cc(OCCn2cc(F)cn2)c1-c1nc(N)nc2c1CN(C(=O)NCC(C)(F)F)C2,1
COCCOc1cc(Cl)cc(Cl)c1-c1nc(N)nc2c1CN(C(=O)NC1CCC1)C2,1
CC(C)NC(=O)N1Cc2nc(N)nc(-c3c(Cl)cc(Cl)cc3OCCCC(F)(F)F)c2C1,1
Cc1c(Sc2ccc(Cl)cc2)c2c(C#N)c(Cl)ccc2n1CC(=O)O,1
Cc1c(Sc2ccc(Cl)cc2)c2c(-c3ccccc3)cccc2n1CC(=O)O,1
Cc1ccc2c(c1)c(S(=O)(=O)c1ccc(Cl)cc1)c(C)n2CC(=O)O,1
Cc1ccc2c(c1)c(Sc1ccc(Cl)cc1)c(C)n2CC(=O)O,1
Cc1c(Oc2ccc(Cl)cc2)c2c(-c3ccccc3)cccc2n1CC(=O)O,1
CC(=O)Nc1cccc2c1c(S(=O)(=O)c1ccc(Cl)cc1)c(C)n2CC(=O)O,1
CC(=O)Nc1cccc2c1c(Sc1ccc(Cl)cc1)c(C)n2CC(=O)O,1
Cc1ccc2c(c1)c(Sc1cccc(Cl)c1)c(C)n2CC(=O)O,1
Cc1ccc2c(n1)c(Sc1ccc(Cl)cc1)c(C)n2CC(=O)O,1
CCS(=O)(=O)c1ccc(Oc2c(C)n(CC(=O)O)c3ccc(C(F)(F)F)cc23)cc1,1
Cc1c(Sc2ccc(Cl)cc2)c2cccc(Cl)c2n1CC(=O)O,1
CC(=O)Nc1ccc2c(c1)c(Sc1ccc(Cl)cc1)c(C)n2CC(=O)O,0
Cc1ccc2c(c1)c([S+]([O-])c1ccc(Cl)cc1)c(C)n2CC(=O)O,1
COc1ccc(Sc2c(C)n(CC(=O)O)c3ccc(C)cc23)cc1,1
Cc1c(S(=O)(=O)c2ccc(Cl)cc2)c2c(NS(C)(=O)=O)cccc2n1CC(=O)O,1
Cc1c(Sc2ccc(Cl)cc2)c2cc(-c3ccccc3)ccc2n1CC(=O)O,1
Cc1ccc2c(c1)c(S(=O)(=O)c1ccccc1Cl)c(C)n2CC(=O)O,1
Cc1c(Sc2ccc(Cl)cc2)c2c(NS(C)(=O)=O)cccc2n1CC(=O)O,1
Cc1ccc2c(c1)c(Sc1ccccc1Cl)c(C)n2CC(=O)O,1
COc1cccc(S(=O)(=O)c2c(C)n(CC(=O)O)c3ccc(C)cc23)c1,1
Cc1c(Oc2ccc(Cl)cc2)c2c(NS(C)(=O)=O)cccc2n1CC(=O)O,1
CCOC(=O)C1=C(COCCN)NC(C)=C(C(=O)OC)C1c1ccccc1Cl,0
CCOC(=O)[C@H](CCc1ccccc1)N[C@@H](C)C(=O)N1Cc2cc(OC)c(OC)cc2C[C@H]1C(=O)O,1
COC(=O)C1=C(C)NC(C)=C(C(=O)OC(C)(C)CN(C)CCC(c2ccccc2)c2ccccc2)C1c1cccc([N+](=O)[O-])c1,0
CCOC(=O)COc1ccc2c(=O)cc(-c3ccccc3)oc2c1,0
CCOC(=O)C1=C(C)NC(C)=C(C(=O)OC)C1c1cccc([N+](=O)[O-])c1,0
COC(=O)C1=C(C)NC(C)=C(C(=O)OC)C1c1ccccc1[N+](=O)[O-],0
CCOC(=O)c1c(N)sc2c1CCN(Cc1ccccc1)C2,0
COc1ccc(-c2cc(-c3ccc(C(=O)NCCN4CCCC4)cc3)cnc2N)cn1,1
COc1ccc(-c2cc(-c3ccc(-n4cncn4)cc3)cnc2N)cn1,1
Nc1ncc(-c2ccc(C(=O)N3CCNCC3)cc2)cc1-c1ccc(C(F)(F)F)cc1,1
COc1ccc(-c2cc(-c3cccc(C(N)=O)c3)cnc2N)cn1,1
CNC(=O)c1ccc(-c2cnc(N)c(-c3ccc(OC)nc3)c2)cc1,1
COc1ccc(-c2cc(-c3ccc(C(=O)N4CCOCC4)cc3)cnc2N)cn1,1
COc1ccc(-c2cc(-c3ccc(S(C)(=O)=O)cc3C(F)(F)F)cnc2N)cn1,1
COc1ccc(-c2cc(-c3ccc(C(=O)O)cc3)cnc2N)cn1,1
Nc1ccnc(Oc2ccc(Oc3ccc(Cl)cc3)cc2)n1,0
Nc1nnc(Nc2ccc(Oc3ccc(Cl)cc3)cc2)s1,1
Nc1nccc(Nc2ccc(Oc3ccc(Cl)cc3)cc2)n1,0
Nc1cncc(Nc2ccc(Oc3ccc(C4CC4)cc3)cc2)n1,0
Nc1nc(Nc2ccc(Oc3ccc(Cl)cc3)cc2)ns1,1
Nc1ccnc(Nc2ccc(Oc3ccc(Cl)cc3)cc2)c1,1
Cc1ccc(Oc2ccc(Nc3cncc(N)n3)cc2)cc1,0
Nc1cncc(Nc2ccc(Oc3ccc(Cl)cc3)cc2)n1,0
Nc1cncc(Nc2ccc(Oc3ccc(F)cc3)cc2)n1,0
Nc1cc(Nc2ccc(Oc3ccc(Cl)cc3)cc2)ccn1,1
Nc1cnnc(Nc2ccc(Oc3ccc(Cl)cc3)cc2)c1,1
Nc1ncnc(Nc2ccc(Oc3ccc(Cl)cc3)cc2)n1,0
Nc1cc(Nc2ccc(Oc3ccc(Cl)cc3)cc2)ncn1,1
CN(c1ccc(Cl)cc1)c1ccc(Nc2nccc(N)n2)cc1,0
N#Cc1ccc(Oc2ccc(Nc3cncc(N)n3)cc2)cc1,0
Nc1cncc(Nc2ccc(Oc3ccc(C(F)(F)F)cc3)cc2)n1,0
Nc1cncc(Nc2ccc(Oc3ccc(OC(F)(F)F)cc3)cc2)n1,0
Nc1ccnc(Nc2ccc(Nc3ccc(Cl)cc3)cc2)n1,1
CS(=O)(=O)c1ccc(Oc2ccc(Nc3nccc(N)n3)cc2)cc1,0
Nc1ccnc(Nc2ccc(Oc3ccc(C4CC4)cc3)cc2)n1,1
Cc1cc(Oc2ccc(Cl)cc2)ccc1Nc1nccc(N)n1,0
Cc1cc(Nc2nccc(N)n2)ccc1Oc1ccc(Cl)cc1,0
Nc1ccnc(Nc2ccc(Oc3ccc(OC(F)(F)F)cc3)cc2)n1,0
Nc1cncc(Nc2ccc(Oc3ccccc3)cc2)n1,1
CN(C)c1ccc(Oc2ccc(Nc3nccc(N)n3)cc2)cc1,0
Nc1ccnc(Nc2ccc(Oc3ccc(C(F)(F)F)cc3)cc2)n1,0
N#Cc1ccc(Oc2ccc(Nc3nccc(N)n3)cc2)cc1,0
Nc1ccnc(Nc2ccc(Oc3ccc(Cl)cc3)cc2)n1,0
Nc1ccnc(Nc2ccc(Oc3ccc(F)cc3)cc2)n1,0
Nc1cccc(Nc2ccc(Oc3ccc(Cl)cc3)cc2)n1,0
Nc1ccnc(Nc2ccc(Oc3ccccc3Cl)cc2)n1,0
Cc1ccc(Oc2ccc(Nc3nccc(N)n3)cc2)cc1,0
Nc1ccnc(Nc2ccc(Oc3cccc(Cl)c3)cc2)n1,0
Nc1ccnc(Nc2ccc(Oc3ccncc3)cc2)n1,1
CC(C)NC(=O)[C@H]1CC[C@@H](n2/c(=N/C(=O)c3ccc(C#N)c(F)c3)[nH]c3ccc(CN4CCC(C(C)(C)O)CC4)cc32)CC1,0
CC(C)NC(=O)[C@H]1CC[C@@H](n2/c(=N/C(=O)c3ccc(F)cc3)[nH]c3ccc(CN4CC(C(C)(C)O)C4)cc32)CC1,0
CC(C)NC(=O)[C@H]1CC[C@@H](n2/c(=N/C(=O)c3ccc(F)cc3)[nH]c3ccc(CN4CCC(C(=O)O)CC4)cc32)CC1,1
CC(C)NC(=O)[C@H]1CC[C@@H](n2/c(=N/C(=O)c3ccc(F)cc3)[nH]c3ccc(CN4CCC(C(C)(C)O)CC4)cc32)CC1,0
CC(C)NC(=O)[C@H]1CC[C@@H](n2/c(=N/C(=O)c3ccc(F)cc3)[nH]c3ccc(CN4CCNCC4)cc32)CC1,0
CC(C)NC(=O)[C@H]1CC[C@@H](n2/c(=N/C(=O)c3cccc(Cl)c3)[nH]c3ccc(CN4CCC(C(C)(C)O)CC4)cc32)CC1,0
CC(C)NC(=O)[C@H]1CC[C@@H](n2/c(=N/C(=O)c3ccncc3)[nH]c3ccc(CN4CCC(C(C)(C)O)CC4)cc32)CC1,0
CCOC(=O)[C@H]1CC[C@@H](n2/c(=N/C(=O)c3ccccc3)[nH]c3ccc(CN4CCCCC4)cc32)CC1,0
CC(C)NC(=O)[C@H]1CC[C@@H](n2/c(=N/C(=O)c3cc(F)cc(Cl)c3)[nH]c3ccc(CN4CCC(C(C)(C)O)CC4)cc32)CC1,0
CC(C)NC(=O)[C@H]1CC[C@@H](n2/c(=N/C(=O)c3ccc(F)cc3)[nH]c3ccc(Oc4ccccn4)cc32)CC1,0
CC(C)NC(=O)[C@H]1CC[C@@H](n2/c(=N/C(=O)c3ccc(F)cc3)[nH]c3ccc(Cn4cncn4)cc32)CC1,0
CC(C)NC(=O)[C@H]1CC[C@@H](n2/c(=N/C(=O)c3ccc(F)cc3)[nH]c3ccc(CN4CCCCC4C(=O)O)cc32)CC1,1
CC(C)NC(=O)[C@H]1CC[C@@H](n2/c(=N/C(=O)c3ccccc3)[nH]c3ccc(CN4CCCCC4)cc32)CC1,0
CC(C)NC(=O)[C@H]1CC[C@@H](n2/c(=N/C(=O)c3ccc(F)cc3)[nH]c3ccc(CN4CCNC(=O)C4)cc32)CC1,0
CC(C)NC(=O)[C@H]1CC[C@@H](n2/c(=N/C(=O)c3cc(F)cc(C#N)c3)[nH]c3ccc(CN4CCC(C(C)(C)O)CC4)cc32)CC1,0
COC(=O)[C@H]1CC[C@@H](n2/c(=N/C(=O)c3ccccc3)[nH]c3ccc(CN4CCCCC4)cc32)CC1,0
CC(C)NC(=O)[C@H]1CC[C@@H](n2/c(=N/C(=O)c3ccc(F)cc3)[nH]c3ccc(CN4CCC(CN)CC4)cc32)CC1,0
CC(C)NC(=O)[C@H]1CC[C@@H](n2/c(=N/C(=O)c3ccccc3)[nH]c3ccc(CN4CCC(C(C)(C)O)CC4)cc32)CC1,0
CC(C)NC(=O)[C@H]1CC[C@@H](n2/c(=N/C(=O)c3cc(F)cc(F)c3)[nH]c3ccc(CN4CCC(C(C)(C)O)CC4)cc32)CC1,0
CC(C)NC(=O)[C@H]1CC[C@@H](n2/c(=N/C(=O)c3cccc(F)c3)[nH]c3ccc(CN4CCC(C(C)(C)O)CC4)cc32)CC1,0
CCNC(=O)[C@H]1CC[C@@H](n2/c(=N/C(=O)c3ccccc3)[nH]c3ccc(CN4CCCCC4)cc32)CC1,0
CC(C)NC(=O)[C@H]1CC[C@@H](n2/c(=N/C(=O)c3ccc(F)cc3)[nH]c3ccc(CN4CCC[C@H]4C(N)=O)cc32)CC1,0
CCN(CC)C(=O)[C@H]1CC[C@@H](n2/c(=N/C(=O)c3ccccc3)[nH]c3ccc(CN4CCCCC4)cc32)CC1,0
CC(C)NC(=O)[C@H]1CC[C@@H](n2/c(=N/C(=O)c3ccc(F)c(Cl)c3)[nH]c3ccc(CN4CCC(C(C)(C)O)CC4)cc32)CC1,0
CC(C)NC(=O)[C@H]1CC[C@@H](n2/c(=N/C(=O)c3ccc(F)c(F)c3)[nH]c3ccc(CN4CCC(C(C)(C)O)CC4)cc32)CC1,0
CC(C)NC(=O)[C@H]1CC[C@@H](n2/c(=N/C(=O)c3ccc(C#N)cc3)[nH]c3ccc(CN4CCC(C(C)(C)O)CC4)cc32)CC1,0
CC(C)NC(=O)[C@H]1CC[C@@H](n2/c(=N/C(=O)c3ccc(F)cc3)[nH]c3ccc(CN4CCCCC4)cc32)CC1,0
CC(C)NC(=O)[C@H]1CC[C@@H](n2/c(=N/C(=O)c3ccc(F)cc3)[nH]c3ccc(CNCC(C)(C)O)cc32)CC1,0
CC(C)NC(=O)[C@H]1CC[C@@H](n2/c(=N/C(=O)c3ccc(F)cc3)[nH]c3ccc(CN4CCS(=O)(=O)CC4)cc32)CC1,0
CC(C)NC(=O)[C@H]1CC[C@@H](n2/c(=N/C(=O)c3ccc(F)cc3)[nH]c3ccccc32)CC1,0
CC(C)NC(=O)[C@H]1CC[C@@H](n2/c(=N/C(=O)c3cccnc3)[nH]c3ccc(CN4CCC(C(C)(C)O)CC4)cc32)CC1,0
CC(C)NC(=O)[C@H]1CC[C@@H](n2/c(=N/C(=O)c3cccc(C#N)c3)[nH]c3ccc(CN4CCC(C(C)(C)O)CC4)cc32)CC1,0
CC(C)NC(=O)[C@H]1CC[C@@H](n2/c(=N/C(=O)c3ccc(F)cc3)[nH]c3ccc(CN4CCC(C(N)=O)CC4)cc32)CC1,1
O=C(O)COc1ccc(C(F)(F)F)cc1-c1ccc2c(c1)CCS2(=O)=O,1
CCS(=O)(=O)c1ccc(-c2cc(C(F)(F)F)ccc2CCC(=O)O)c(C)c1,1
CCS(=O)(=O)c1ccc(-c2cc(Cl)ccc2OCC(=O)O)c(F)c1,1
O=C(O)COc1ccc(C(F)(F)F)cc1-c1ccc(Cl)cc1,1
Nc1ccc(OCC(=O)O)c(-c2ccccc2)c1,1
CCN(CC)S(=O)(=O)c1ccc(-c2cc(C(F)(F)F)ccc2OCC(=O)O)cc1,1
CCS(=O)(=O)c1ccc(-c2cc(Cl)ccc2OCC(=O)O)c(Cl)c1,1
Cc1ccc(OCC(=O)O)c(-c2ccccc2)c1,1
COc1ccc(-c2cc(C(F)(F)F)ccc2OCC(=O)O)cc1,1
N#Cc1ccc(OCC(=O)O)c(-c2ccccc2)c1,1
CCS(=O)(=O)c1cccc(-c2cc(C(F)(F)F)ccc2OCC(=O)O)c1,1
CCc1ccc(OCC(=O)O)c(-c2ccc(S(C)(=O)=O)cc2)c1,1
Cc1ccc(C#N)cc1-c1cc(C(F)(F)F)ccc1OCC(=O)O,1
CCS(=O)(=O)c1ccc(-c2cc(Cl)ccc2OCC(=O)O)cc1,1
CS(=O)(=O)c1ccc(-c2cc(Cl)ccc2OCC(=O)O)c(Cl)c1,1
N#Cc1cccc(-c2cc(C(F)(F)F)ccc2OCC(=O)O)c1,1
O=C(O)COc1ccc([N+](=O)[O-])cc1-c1ccccc1,1
C[C@@H](Oc1ccc(C(F)(F)F)cc1-c1cccc(C#N)c1)C(=O)O,1
N#Cc1cccc(-c2cc(Cl)ccc2OCC(=O)O)c1,1
CCCCc1ccc(-c2nc(CN[C@@H]3C[C@@H]4C[C@H]([C@H]3C)C4(C)C)co2)cc1,1
CCOc1ccc(-c2nc(CNC3C[C@@H]4C[C@H]([C@H]3C)C4(C)C)co2)cc1,1
COc1ccc(/C(CNC2CCCCC2)=N/O)cc1,0
O/N=C(\CNC1CCCCC1)c1ccccc1,1
COc1cccc(/C(=N/O)NC2CCCCC2)c1,1
O/N=C(/NC1CCCCC1)c1cccc2ccccc12,1
O/N=C(\NC1CCCCC1)c1cccnc1,1
CC(C)NS(=O)(=O)c1ccc(-c2c(C#N)c3cc(Cl)ccc3n2C2CCC2)nc1,0
Cc1cccc(CNC(=O)[C@@H]2C[C@@H](c3nnc(C)o3)CN(Cc3nc(-c4ccccc4)oc3C)C2)n1,0
Cc1cccc(CNC(=O)[C@H]2C[C@H](c3nnc(C)o3)CN(Cc3nc(-c4ccccc4)oc3C)C2)n1,0
COCC1CC(C(=O)NC[C@H]2CCCO2)CN(Cc2nc(N3CCOCC3)oc2C)C1,0
Cc1oc(-c2ccccc2)nc1CN1C[C@H](C(=O)NCc2cccc(N)n2)C[C@@H](c2ccccc2)C1,0
COC[C@H]1C[C@@H](C(=O)NCC2CCOCC2)CN(Cc2nc(N3CCOCC3)oc2C)C1,1
COc1ccc(OC)c(-c2cccc3c(N)c4c(nc23)CN(C2CCC2)C4=O)c1,0
COc1ccc(OC)c(-c2cccc3c(N)c4c(nc23)CN(C2CCCC2)C4=O)c1,0
CCNC(=O)c1nnc2c(-c3cc(OC)ccc3OC)c(F)ccc2c1N,1
CCCNC(=O)c1nnc2c(CC(C)C)cccc2c1N,0
COc1ccc(OC)c(-c2cccc3c(N)c4c(nc23)CN(C)C4=O)c1,1
CCCNC(=O)c1nnc2c(-c3ccccc3)cccc2c1N,0
CCCNC(=O)c1nnc2c(-c3cc(OC)ccc3OC)c(F)ccc2c1N,0
CCN1Cc2nc3c(-c4cc(OC)ccc4OC)cccc3c(N)c2C1=O,1
COc1ccc(OC)c(-c2cccc3c(N)c4c(nc23)CN(C2CC2)C4=O)c1,1
COc1cc(-c2c(F)ccc3c(N)c(C(=O)NC4CC4)nnc23)c(OC)nn1,0
COc1ccc(-c2c(F)ccc3c(N)c(C(=O)NC4CC4)nnc23)c(OC)n1,1
CCCNC(=O)c1nnc2c(-c3cc(C)cc(C)c3)cccc2c1N,0
COc1ccc(OC)c(-c2c(F)ccc3c(N)c(C(=O)NC(C)C)nnc23)c1,0
CCCNC(=O)c1nnc2c(-c3ccc(C)cc3C)cccc2c1N,0
CCCNC(=O)c1nnc2c(-c3cccc(C)c3)cccc2c1N,0
CCCNC(=O)c1nnc2c(-c3cnc(OC)nc3OC)cccc2c1N,1
CCC(C)NC(=O)c1nnc2c(-c3cc(OC)ccc3OC)cccc2c1N,1
COc1ccc(OC)c(-c2cccc3c(N)c(C(=O)NC(C)C)nnc23)c1,1
COc1ccc(OC)c(-c2cccc3c(N)c(C(=O)NC4CC(C)C4)nnc23)c1,1
CCCNC(=O)c1nnc2c(-c3c(C)cccc3C)cccc2c1N,0
CCCNC(=O)c1nnc2c(-c3cc(C)ccc3C)cccc2c1N,0
COc1ccc(OC)c(-c2cccc3c(N)c(C(=O)NCCC(F)(F)F)nnc23)c1,0
CCCNC(=O)c1nnc2c(-c3ccccc3C)cccc2c1N,0
COc1ncc(C)cc1-c1cccc2c(N)c(C(=O)NC3CC3)nnc12,1
CCNC(=O)c1nnc2c(-c3cc(OC)ccc3OC)cccc2c1N,1
COc1ncccc1-c1cccc2c(N)c3c(nc12)CN(C1CCC1)C3=O,0
CCCCNC(=O)c1nnc2c(-c3cc(OC)ccc3OC)cccc2c1N,0
COc1ccc(OC)c(-c2c(F)ccc3c(N)c(C(=O)NC4CC4)nnc23)c1,0
COc1ccc(OC)c(-c2cccc3c(N)c(C(=O)NC4CCC4)nnc23)c1,0
COc1ccc(OC)c(-c2cccc3c(N)c(C(=O)NC4CC4)nnc23)c1,1
COc1ccc(OC)c(-c2cccc3c(N)c(C(=O)NC4(C)CCC4)nnc23)c1,0
CCCNC(=O)c1nnc2c(-c3cc(OC)ccc3OC)cccc2c1N,0
CNC(=O)c1nnc2c(-c3cc(OC)ccc3OC)cccc2c1N,0
CCCNC(=O)c1nnc2c(-c3c(F)cccc3OC)cccc2c1N,0
COc1ccc(OC)c(-c2cccc3c(N)c(C(=O)NCCCO)nnc23)c1,1
CCCNC(=O)c1nnc2c(-c3cnccc3OC)cccc2c1N,1
COc1ccc(OC)c(-c2c(F)ccc3c(N)c(C(=O)NC4CCC4)nnc23)c1,0
CCCNC(=O)c1nnc2c(-c3cc(C)ccc3OC)cccc2c1N,0
C=CCn1c(=O)c2c(-c3cncn3C)n(Cc3ccnc4ccc(Cl)cc34)nc2n(CC2CC2)c1=O,0
CC#CCn1c(=O)c2c(-c3cncn3C)n(Cc3ccnc4ccc(Cl)cc34)nc2n(CC2CC2)c1=O,0
Cn1cc(C#N)cc1-c1c2c(=O)n(C)c(=O)n(CC3CC3)c2nn1Cc1ccnc2ccc(Cl)cc12,1
Cn1cc(C#N)cc1-c1c2c(=O)n(CC3CC3)c(=O)n(CC3CC3)c2nn1Cc1ccnc2ccc(Cl)cc12,0
Cn1cncc1-c1c2c(=O)n(CC#CCO)c(=O)n(CC3CC3)c2nn1Cc1ccnc2ccc(Cl)cc12,0
Cn1cc(C#N)cc1-c1c2c(=O)n(CC#CCN3CCOCC3)c(=O)n(CC3CC3)c2nn1Cc1ccnc2ccc(Cl)cc12,0
Cn1cncc1-c1c2c(=O)n(CC#CCN3CCOCC3)c(=O)n(CC3CC3)c2nn1Cc1ccnc2ccc(Cl)cc12,0
CCN(C(=O)NCc1c(F)cccc1F)C1CCN(CCC(c2ccccc2)c2ccccc2)CC1,1
O=C(c1ccc(F)cc1)C1CCN(C(=O)c2cccc(Br)c2)CC1,1
CCN(C(=O)NCc1ccc(S(C)(=O)=O)cc1)C1CCN(CCC(c2ccc(F)cc2)C2CCN(Cc3ccc4ccccc4n3)CC2)CC1,1
CCN(C(=O)NCc1ccc(S(C)(=O)=O)cc1)C1CCN(CCC(c2ccccc2)C2CCN(Cc3cccnc3)CC2)CC1,0
O=C(c1ccc(F)cc1)C1CCN(C(=O)c2ccc(OC(F)(F)F)cc2)CC1,1
O=C(c1ccc(F)cc1)C1CCN(C(=O)c2ccc(Br)cc2)CC1,0
Nc1ccccc1C(=O)N1CCC(C(=O)c2ccc(F)cc2)CC1,1
NS(=O)(=O)c1ccc(C(=O)N2CCC(C(=O)c3ccc(F)cc3)CC2)cc1,1
NS(=O)(=O)c1cccc(C(=O)N2CCC(C(=O)c3ccc(F)cc3)CC2)c1,1
CC(=O)c1ccc(C(=O)N2CCC(C(=O)c3ccc(F)cc3)CC2)cc1,0
Cc1ccc(C(=O)N2CCC(C(=O)c3ccc(F)cc3)CC2)cc1,0
CS(=O)(=O)c1ccc(C(=O)N2CCC(C(=O)c3ccc(F)cc3)CC2)cc1,1
CS(=O)(=O)c1cccc(C(=O)N2CCC(C(=O)c3ccc(F)cc3)CC2)c1,1
O=C(c1ccc(F)cc1)C1CCN(C(=O)c2ccc(Cl)c(C(F)(F)F)c2)CC1,1
N#Cc1ccc(C(=O)N2CCC(C(=O)c3ccc(F)cc3)CC2)cc1,1
O=C(c1ccc(F)cc1)C1CCN(C(=O)c2ccccc2OC(F)(F)F)CC1,1
O=C(c1ccc(F)cc1)C1CCN(C(=O)c2ccccc2F)CC1,0
Cc1ccccc1C(=O)N1CCC(C(=O)c2ccc(F)cc2)CC1,0
O=C(c1ccc(F)cc1)C1CCN(C(=O)c2ccc([N+](=O)[O-])cc2)CC1,1
O=C(c1ccc(F)cc1)C1CCN(C(=O)c2ccc(F)c(F)c2)CC1,1
O=C(c1ccc(F)cc1)C1CCN(C(=O)c2cccc(F)c2F)CC1,1
O=C(c1ccc(F)cc1)C1CCN(C(=O)c2cccc([N+](=O)[O-])c2)CC1,1
COc1ccc(C(=O)N2CCC(C(=O)c3ccc(F)cc3)CC2)cc1,0
O=C(c1ccc(F)cc1)C1CCN(C(=O)c2ccc(F)cc2)CC1,1
O=C(c1ccc(F)cc1)C1CCN(C(=O)c2ccccc2)CC1,0
O=C(c1ccc(F)cc1)C1CCN(C(=O)c2ccc(C(F)(F)F)cc2)CC1,1
N#Cc1ccccc1C(=O)N1CCC(C(=O)c2ccc(F)cc2)CC1,0
O=C(c1ccc(F)cc1)C1CCN(C(=O)c2ccc(F)cc2Cl)CC1,1
O=C(c1ccc(F)cc1)C1CCN(C(=O)c2ccc(-c3ccccc3)cc2)CC1,1
O=C(c1ccc(F)cc1)C1CCN(C(=O)c2ccc(N3CCOCC3)cc2)CC1,1
COc1ccc(C(=O)N2CCC(C(=O)c3ccc(F)cc3)CC2)c(OC)c1,1
O=C(c1ccc(F)cc1)C1CCN(C(=O)c2ccc(Cl)c(Cl)c2)CC1,1
CS(=O)(=O)Nc1cccc(C(=O)N2CCC(C(=O)c3ccc(F)cc3)CC2)c1,1
Cc1cccc(C(=O)N2CCC(C(=O)c3ccc(F)cc3)CC2)c1,0
O=C(c1ccc(F)cc1)C1CCN(C(=O)c2cccc(Cl)c2)CC1,0
O=C(c1ccc(F)cc1)C1CCN(C(=O)c2cccc(OC(F)(F)F)c2)CC1,0
O=C(c1ccc(F)cc1)C1CCN(C(=O)c2cc(F)cc(F)c2)CC1,0
COc1cccc(C(=O)N2CCC(C(=O)c3ccc(F)cc3)CC2)c1OC,1
O=C(c1ccc(F)cc1)C1CCN(C(=O)c2ccc(Cl)cc2Cl)CC1,0
Cc1ncc(-c2ccnc(Nc3ccccc3)n2)n1C(C)C,0
O=C(c1ccc(F)cc1)C1CCN(C(=O)c2cccc(C(F)(F)F)c2)CC1,1
O=C(c1ccc(F)cc1)C1CCN(C(=O)c2ccccc2Cl)CC1,0
CN(C)c1cccc(C(=O)N2CCC(C(=O)c3ccc(F)cc3)CC2)c1,0
O=C(c1ccc(F)cc1)C1CCN(C(=O)c2cccc(F)c2)CC1,0
N#Cc1cccc(C(=O)N2CCC(C(=O)c3ccc(F)cc3)CC2)c1,1
COc1cccc(C(=O)N2CCC(C(=O)c3ccc(F)cc3)CC2)c1,1
COc1ccccc1C(=O)N1CCC(C(=O)c2ccc(F)cc2)CC1,1
O=C(c1ccc(F)cc1)C1CCN(C(=O)c2ccc(Cl)cc2)CC1,1
CC(C)(C)OC(=O)N1CC(N2C(=O)c3ccccc3C2C(=O)NCc2ccc(OC(F)(F)F)cc2)C1,0
COc1cccc2c1C(C(=O)NCc1ccc(OC(F)(F)F)cc1)N(CCc1ccccn1)C2=O,0
N#CCCN1C(=O)c2ccccc2C1C(=O)NCc1ccc(OC(F)(F)F)cc1,1
O=C(NCc1ccc(OC(F)(F)F)cc1)C1c2ccccc2C(=O)N1C[C@@H]1CCCO1,0
O=C(NCc1ccc(OC(F)(F)F)cc1)C1c2ccccc2C(=O)N1CCc1cccnc1,0
CC(C)(C)OC(=O)N1CCC(N2C(=O)c3ccccc3C2C(=O)NCc2ccc(OC(F)(F)F)cc2)CC1,0
CC(NC(=O)C1c2ccccc2C(=O)N1CCc1ccccn1)c1ccc(OCC(F)(F)F)cc1,0
O=C(NCc1ccc(OC(F)(F)F)cc1)C1c2ccccc2C(=O)N1CCc1ccncc1,0
CC(C)(Cc1ccccn1)N1C(=O)c2ccccc2C1C(=O)NCc1ccc(OC(F)(F)F)cc1,0
COc1cccc2c1C(=O)N(CCc1ccccn1)C2C(=O)NCc1ccc(OC(F)(F)F)cc1,0
Clc1cccc(Cn2ccc3c(OC4CCN(Cc5cscn5)CC4)ncnc32)c1,0
Fc1cccc(Cn2ccc3c(OC4CCN(Cc5cscn5)CC4)ncnc32)c1F,0
Cc1ccc(CN2CCC(Oc3ncnc4c3ccn4Cc3ccccc3)CC2)nc1,0
c1ccc(Cn2ncc3c(OC4CCN(Cc5cscn5)CC4)ncnc32)cc1,0
c1ccc(Cn2ccc3c(OC4CCN(Cc5ccccn5)CC4)ncnc32)cc1,0
Fc1cccc(Cn2ccc3c(OC4CCN(Cc5cscn5)CC4)ncnc32)c1,0
c1ccc(Cn2ccc3c(OC4CCN(Cc5nccs5)CC4)ncnc32)cc1,0
c1ccc(Cn2ccc3c(OC4CCN(Cc5cocn5)CC4)ncnc32)cc1,0
Fc1c(Cl)cccc1Cn1ccc2c(OC3CCN(Cc4ccccn4)CC3)ncnc21,0
O=C(c1cscn1)N1CCC(Oc2ncnc3c2ccn3Cc2ccccc2)CC1,0
c1ccc(Cn2ccc3c(OC4CCN(Cc5c[nH]cn5)CC4)ncnc32)cc1,0
Cc1cccc(CN2CCC(Oc3ncnc4c3ccn4Cc3ccccc3)CC2)n1,0
c1ccc(Cn2cnc3c(OC4CCN(Cc5cscn5)CC4)ncnc32)cc1,0
c1ccc(Cn2ccc3c(OC4CCN(Cc5cn[nH]c5)CC4)ncnc32)cc1,0
Clc1cn(Cc2ccccc2)c2ncnc(OC3CCN(Cc4cscn4)CC3)c12,0
Clc1ccccc1Cn1ccc2c(OC3CCN(Cc4cscn4)CC3)ncnc21,0
Cc1cn(Cc2ccccc2)c2ncnc(OC3CCN(Cc4cscn4)CC3)c12,0
c1ccc(Cn2ccc3c(OC4CCN(Cc5ccn[nH]5)CC4)ncnc32)cc1,0
Fc1ccccc1Cn1ccc2c(OC3CCN(Cc4ccccn4)CC3)ncnc21,0
Cc1cccnc1CN1CCC(Oc2ncnc3c2ccn3Cc2ccccc2)CC1,0
c1ccc(Cn2ccc3c(NC4CCN(Cc5cscn5)CC4)ncnc32)cc1,1
Cc1nc(CN2CCC(Oc3ncnc4c3ccn4Cc3ccccc3)CC2)cs1,0
c1ccc(Cn2ccc3c(OC4CCN(Cc5cnccn5)CC4)ncnc32)cc1,0
c1ccc(CN2CCC(Oc3ncnc4c3ccn4Cc3ccccc3)CC2)cc1,0
Fc1cccc(Cn2ccc3c(OC4CCN(Cc5ccccn5)CC4)ncnc32)c1F,0
c1ccc(Cn2ccc3c(OC4CCNCC4)ncnc32)cc1,1
Fc1cccnc1CN1CCC(Oc2ncnc3c2ccn3Cc2ccccc2)CC1,0
c1ccc(Cn2ccc3c(OC4CCN(Cc5ccncc5)CC4)ncnc32)cc1,0
CN(c1ncnc2c1ccn2Cc1ccccc1)C1CCN(Cc2cscn2)CC1,0
Cn1cc(CN2CCC(Oc3ncnc4c3ccn4Cc3ccccc3)CC2)cn1,0
c1ccc(Cn2ccc3c(OC4CCN(Cc5cccnc5)CC4)ncnc32)cc1,0
OCCNCCn1ccc2ncnc(Nc3ccc(Oc4cccc(C(F)(F)F)c4)c(Cl)c3)c21,0
[O-][S+](CCO)CCn1ccc2ncnc(Nc3ccc(Oc4cccc(C(F)(F)F)c4)c(Cl)c3)c21,1
O=S(=O)(CCO)CCn1ccc2ncnc(Nc3ccc(Oc4cccc(C(F)(F)F)c4)c(Cl)c3)c21,1
OCCOCCn1ccc2ncnc(Nc3ccc(Oc4cccc(OC(F)(F)F)c4)c(Cl)c3)c21,0
OCCSCCn1ccc2ncnc(Nc3ccc(Oc4cccc(C(F)(F)F)c4)c(Cl)c3)c21,0
OCCCCCn1ccc2ncnc(Nc3ccc(Oc4cccc(C(F)(F)F)c4)c(Cl)c3)c21,0
OCCn1ccc2ncnc(Nc3ccc(Oc4cccc(OC(F)(F)F)c4)c(Cl)c3)c21,1
OCCn1ccc2ncnc(Nc3ccc(Oc4cccc(Cl)c4)c(Cl)c3)c21,0
OCCn1ccc2ncnc(Nc3ccc(Oc4cccc(C(F)(F)F)c4)c(Cl)c3)c21,0
N#Cc1cccc(Oc2ccc(Nc3ncnc4cc[nH]c34)cc2Cl)c1,0
Fc1cccc(COc2ccc(Nc3ncnc4cc[nH]c34)cc2Cl)c1,0
N#Cc1ccccc1Oc1ccc(Nc2ncnc3cc[nH]c23)cc1Cl,0
FC(F)(F)Oc1ccccc1Oc1ccc(Nc2ncnc3cc[nH]c23)cc1Cl,0
Cn1ccc2ncnc(Nc3ccc(Oc4cccc(C(F)(F)F)c4)c(Cl)c3)c21,1
CC(C)(O)CC(=O)NCCn1ccc2ncnc(Nc3ccc(Oc4cccc(C(F)(F)F)c4)c(Cl)c3)c21,0
FC(F)(F)Oc1cccc(Oc2ccc(Nc3ncnc4cc[nH]c34)cc2Cl)c1,1
Cn1ccc2ncnc(Nc3ccc(Oc4cccc(OC(F)(F)F)c4)c(Cl)c3)c21,1
FC(F)(F)c1cccc(Oc2ccc(Nc3ncnc4cc[nH]c34)cc2Cl)c1,1
CC(C)(O)C(=O)NCCn1ccc2ncnc(Nc3ccc(Oc4cccc(C(F)(F)F)c4)c(Cl)c3)c21,1
Cn1ccc2ncnc(Nc3ccc(Oc4cccc(Cl)c4)c(Cl)c3)c21,0
Fc1ccccc1Oc1ccc(Nc2ncnc3cc[nH]c23)cc1Cl,0
O=C(CO)NCCn1ccc2ncnc(Nc3ccc(Oc4cccc(C(F)(F)F)c4)c(Cl)c3)c21,1
Cc1ccc(Oc2ccc(Nc3ncnc4cc[nH]c34)cc2C)cn1,0
Clc1cccc(Oc2ccc(Nc3ncnc4cc[nH]c34)cc2Cl)c1,0
CN(CCn1ccc2ncnc(Nc3ccc(Oc4cccc(C(F)(F)F)c4)c(Cl)c3)c21)C(=O)CO,0
Fc1cccc(Oc2ccc(Nc3ncnc4cc[nH]c34)cc2Cl)c1,0
Cc1cccc(Oc2ccc(Nc3ncnc4cc[nH]c34)cc2Cl)c1,0
Clc1ccccc1Oc1ccc(Nc2ncnc3cc[nH]c23)cc1Cl,0
COc1cccc(Oc2ccc(Nc3ncnc4cc[nH]c34)cc2Cl)c1,0
Clc1cc(Nc2ncnc3cc[nH]c23)ccc1Oc1ccccc1,0
C[C@@H]1CN(Cc2ccc(-c3ccccc3CN(C)C)cc2)C(=O)O1,1
COc1cccc(-c2ccc(CN3C[C@@H](C)OC3=O)cc2)c1,0
C[C@@H]1CN(Cc2ccc(CN(C)C3CCCCC3)cc2)C(=O)O1,1
C[C@@H]1CN(Cc2ccc(-c3ccc(OC(F)(F)F)cc3F)cc2)C(=O)O1,1
CCOc1ccc(-c2ccc(CN3C[C@@H](C)OC3=O)cc2)cc1,1
O=C1OCCCN1Cc1ccc(OCc2cccnc2)cc1,1
C[C@@H]1CN(Cc2ccc(-c3ccncc3)cc2)C(=O)O1,0
C[C@@H]1CN(Cc2ccc(-c3ccc(OC(F)(F)F)cc3)cc2)C(=O)O1,1
C[C@@H]1CN(Cc2ccc(-c3ccc(F)c(F)c3)nc2)C(=O)O1,1
COc1ccccc1-c1ccc(CN2C[C@@H](C)OC2=O)cc1,0
C[C@@H]1CN(Cc2ccc(-c3cccnc3)cc2)C(=O)O1,1
Nc1ccc(CNC(=O)Nc2ccc(S(=O)(=O)c3ccccc3)cc2)cn1,1
CC(C)(C)OC(=O)N1CC2(CCN(C(=O)[C@H]3C[C@@H]3c3cccnc3)C2)C1,1
Nc1ccc([C@@H]2C[C@H]2C(=O)NCc2ccc(S(=O)(=O)c3ccccc3)cc2)cn1,1
CC(C)(C)OC(=O)N1C[C@@H]2CCN(C(=O)[C@@H]3C[C@H]3c3cccnc3)[C@@H]2C1,0
CC(C)(C)OC(=O)N1C[C@H]2CCN(C(=O)[C@@H]3C[C@H]3c3cccnc3)[C@H]2C1,0
O=C(NCCCCC1CCN(C(=O)c2ccccc2)CC1)[C@@H]1C[C@H]1c1cccnc1,0
O=C(NCc1ccc(S(=O)(=O)c2ccccc2)cc1)[C@@H]1C[C@H]1c1ccncc1,1
O=C(Nc1ccc(S(=O)(=O)c2cnn(CC(F)(F)F)c2)cc1)[C@@H]1C[C@H]1c1cccnc1,1
O=C(NCc1ccc(S(=O)(=O)c2ccccc2)cc1)[C@@H]1C[C@H]1c1cccnc1,0
Cc1c(S(=O)(=O)c2ccc(NC(=O)[C@@H]3C[C@H]3c3cccnc3)cc2)cnn1C(C)C,0
O=C(Nc1ccc(S(=O)(=O)c2cccc(C(F)(F)F)c2)cc1)[C@@H]1C[C@H]1c1cccnc1,1
CC(C)(O)Cn1cc(S(=O)(=O)c2ccc(NC(=O)[C@@H]3C[C@H]3c3cccnc3)cc2)cn1,1
O=C(Nc1ccc(S(=O)(=O)c2cnn(C3CCOCC3)c2)cc1)[C@@H]1C[C@H]1c1cccnc1,0
O=C(NCCCCCCOc1ccc(Cl)cc1)[C@@H]1C[C@H]1c1cccnc1,0
CC(C)n1cc(S(=O)(=O)c2ccc(NC(=O)[C@@H]3C[C@H]3c3cccnc3)cc2)cn1,1
CC(C)n1cc(S(=O)(=O)c2ccc(NC(=O)[C@H]3C[C@@H]3c3cccnc3)cc2)cn1,1
O=C(Nc1ccc(S(=O)(=O)N2CC3CCC(C2)O3)cc1)[C@@H]1C[C@H]1c1cccnc1,0
CCCn1cc(S(=O)(=O)c2ccc(NC(=O)[C@@H]3C[C@H]3c3cccnc3)cc2)cn1,1
CCCn1cc(S(=O)(=O)c2ccc(NC(=O)[C@H]3C[C@@H]3c3cccnc3)cc2)cn1,0
O=C(Nc1ccc(S(=O)(=O)c2cc(F)cc(F)c2)cc1)[C@@H]1C[C@H]1c1cccnc1,1
O=C(Nc1ccc(S(=O)(=O)C2CCOCC2)cc1)[C@@H]1C[C@H]1c1cccnc1,0
O=C(Nc1ccc(S(=O)(=O)N2CCOCC2)cc1)[C@@H]1C[C@H]1c1cccnc1,0
Nc1ccc([C@@H]2C[C@H]2C(=O)Nc2ccc(S(=O)(=O)c3ccccc3)cc2)cn1,1
O=C(Nc1ccc(S(=O)(=O)c2cccc(OC(F)(F)F)c2)cc1)[C@@H]1C[C@H]1c1cccnc1,1
CCn1cc(S(=O)(=O)c2ccc(NC(=O)[C@@H]3C[C@H]3c3cccnc3)cc2)cn1,1
Cc1nn(C(C)C)cc1S(=O)(=O)c1ccc(NC(=O)[C@@H]2C[C@H]2c2cccnc2)cc1,0
Cc1ccc(S(=O)(=O)c2ccc(NC(=O)[C@@H]3C[C@H]3c3cccnc3)cc2)cn1,1
CS(=O)(=O)c1cccc(S(=O)(=O)c2ccc(NC(=O)[C@@H]3C[C@H]3c3cccnc3)cc2)c1,1
O=C(Nc1ccc(S(=O)(=O)c2ccccc2)cc1)[C@@H]1C[C@H]1c1ccncc1,1
O=C(Nc1ccc(S(=O)(=O)c2ccccc2)cc1)[C@@H]1C[C@H]1c1cccnc1,1
O=C(Nc1ccc(S(=O)(=O)c2ccccc2)cc1)[C@H]1C[C@@H]1c1cccnc1,1
N#CN/C(=N\CCCCCCOc1ccc(Cl)cc1)Nc1ccncc1,0
CC(C)(C)NC(=O)c1c[nH]c2ncc(-c3nn(CCC(O)CO)c4cc(F)ccc34)nc12,1
CN1CC(Cn2nc(-c3cnc4[nH]cc(C(=O)NC(C)(C)C)c4n3)c3cc(OC(F)F)ccc32)C1,1
Cn1nc(-c2cnc3[nH]cc(C(=O)N[C@H]4COC[C@@H](N)C4)c3n2)c2ccc(F)cc21,1
Cn1nc(-c2cnc3[nH]cc(C(=O)N[C@H]4COC[C@H](N)C4)c3n2)c2ccc(F)cc21,1
Cn1nc(-c2cnc3[nH]cc(C(=O)NC4COCC(N)C4)c3n2)c2ccc(F)cc21,1
Cc1ccc2c(-c3cnc4[nH]cc(C(=O)NC(C)(C)CO)c4n3)nn(CCCN(C)C)c2c1,1
CC(C)(CO)NC(=O)c1c[nH]c2ncc(-c3nn(CCCS(C)(=O)=O)c4cc(F)ccc34)nc12,1
Cn1nc(-c2cnc3[nH]cc(C(=O)NC4(C)CCNCC4)c3n2)c2ccc(F)cc21,1
CC(C)(C)NC(=O)c1c[nH]c2ncc(-c3nn(C4CCNCC4)c4cc(F)ccc34)nc12,1
CC(C)(C)NC(=O)c1c[nH]c2ncc(-c3nn(CCC(O)CO)c4ccc(OC(F)F)cc34)nc12,1
CC(C)(C)NC(=O)c1c[nH]c2ncc(-c3n[nH]c4c(C(C)(C)O)cccc34)nc12,1
CC(C)(C)NC(=O)c1c[nH]c2ncc(-c3n[nH]c4c(CO)cccc34)nc12,1
Cn1nc(-c2cnc3[nH]cc(C(=O)NC(C)(C)C)c3n2)c2cc(CO)ccc21,0
CC(C)(C)NC(=O)c1c[nH]c2ncc(-c3n[nH]c4ccc(OC(F)F)cc34)nc12,1
Cn1nc(-c2cnc3[nH]cc(C(=O)N[C@H]4C[C@H](O)C4)c3n2)c2ccc(F)cc21,0
CN(C)CCCn1nc(-c2cnc3[nH]cc(C(=O)NC(C)(C)C)c3n2)c2cc(OC(F)F)ccc21,1
Cn1nc(-c2cnc3[nH]cc(C(=O)N[C@]4(C)C[C@H](N)C4)c3n2)c2ccc(F)cc21,1
Cn1nc(-c2cnc3[nH]cc(C(=O)N[C@]4(C)C[C@@H](N)C4)c3n2)c2ccc(F)cc21,1
COc1ccc2cnn(-c3cnc4[nH]cc(C(=O)NC(C)(C)C)c4n3)c2c1,1
CC(C)(C)NC(=O)c1c[nH]c2ncc(-c3nn(CCCS(C)(=O)=O)c4ccc(OC(F)F)cc34)nc12,1
Cn1nc(-c2cnc3[nH]cc(C(=O)NC(C)(C)CO)c3n2)c2ccc(Cl)cc21,0
CC(C)(C)NC(=O)c1c[nH]c2ncc(-c3nn(CCCS(C)(=O)=O)c4cc(F)ccc34)nc12,1
CC(C)NC(=O)c1c[nH]c2ncc(-c3nn(C)c4c3CC(C)(C)CC4)nc12,0
CC(C)NC(=O)c1c[nH]c2ncc(-c3nn(C)c4cc(Cl)ccc34)nc12,1
Cn1nc(-c2cnc3[nH]cc(C(=O)NC(C)(C)C)c3n2)c2ccc(F)cc21,0
Cn1nc(-c2cnc3[nH]cc(C(=O)NC(C)(C)C)c3n2)c2cc(OC(F)F)ccc21,0
C[C@@H](CO)NC(=O)c1c[nH]c2ncc(-c3nn(C)c4cc(Cl)ccc34)nc12,0
CC(C)(C)NC(=O)c1c[nH]c2ncc(-c3nn(CCCN4CC(C#N)C4)c4ccc(OC(F)F)cc34)nc12,0
CC(C)(C)NC(=O)c1c[nH]c2ncc(-c3nn(CCCN4CCOCC4)c4ccc(OC(F)F)cc34)nc12,0
CN1CCC(c2nn(-c3cnc4[nH]cc(C(=O)NC(C)(C)CO)c4n3)c3ccccc23)CC1,1
COc1cc(Nc2ncc(F)c(Nc3ccc4c(n3)N(COP(=O)(O)O)C(=O)C(C)(C)O4)n2)cc(OC)c1OC,0
COc1cc(-c2cnc3[nH]cc(C(=O)NC(C)C)c3n2)cc(OC)c1OC,0
NC(=O)c1cnc(N[C@@H]2CCCC[C@@H]2N)nc1Nc1cccc(-n2nccn2)c1,1
CC(C)(O)CN1C[C@H](C(=O)Nc2ccc(Cl)cc2)[C@@H](c2ccc(/C=C/C(=O)Nc3ccccc3N)cc2)C1,0
Nc1ccccc1NC(=O)/C=C/c1ccc([C@H]2CN(Cc3ccccc3)C[C@@H]2C(=O)Nc2ccc(Cl)cc2)cc1,1
CN1C[C@H](C(=O)Nc2ccc(Cl)cc2)[C@@H](c2ccc(/C=C/C(=O)Nc3ccccc3N)cn2)C1,1
Cc1cc(NC(=O)[C@H]2CN(C)C[C@@H]2c2ccc(/C=C/C(=O)Nc3ccccc3N)cc2)ccc1F,0
CCN(CC)C(=O)N1C[C@H](C(=O)Nc2ccc(Cl)cc2)[C@@H](c2ccc(/C=C/C(=O)Nc3ccccc3N)cc2)C1,0
Nc1ccccc1NC(=O)/C=C/c1ccc([C@H]2CN(C3CCOCC3)C[C@@H]2C(=O)Nc2ccc(Cl)cc2)cc1,1
Cc1ccc(NC(=O)[C@H]2CN(C)C[C@@H]2c2ccc(/C=C/C(=O)Nc3ccccc3N)cc2)cn1,1
CN1C[C@H](C(=O)Nc2cccc(Cl)c2)[C@@H](c2ccc(/C=C/C(=O)Nc3ccccc3N)cc2)C1,1
CN1C[C@H](C(=O)Nc2ccc(F)c(Cl)c2)[C@@H](c2ccc(/C=C/C(=O)Nc3ccccc3N)cc2)C1,0
Nc1ccccc1NC(=O)/C=C/c1ccc([C@H]2CN(CC(F)F)C[C@@H]2C(=O)Nc2ccc(Cl)cc2)cc1,0
Cc1cc(NC(=O)[C@H]2CN(C)C[C@@H]2c2ccc(/C=C/C(=O)Nc3ccccc3N)cc2)ccc1Cl,0
CN1C[C@H](C(=O)Nc2ccc(Cl)cc2F)[C@@H](c2ccc(/C=C/C(=O)Nc3ccccc3N)cc2)C1,1
COCCN1C[C@H](C(=O)Nc2ccc(Cl)cc2)[C@@H](c2ccc(/C=C/C(=O)Nc3ccccc3N)cc2)C1,1
CN1C[C@H](C(=O)Nc2cccnc2)[C@@H](c2ccc(/C=C/C(=O)Nc3ccccc3N)cc2)C1,1
CCN1C[C@H](C(=O)Nc2ccc(Cl)cc2)[C@@H](c2ccc(/C=C/C(=O)Nc3ccccc3N)cc2)C1,1
CN1C[C@H](C(=O)Nc2ccc(C(F)(F)F)cc2)[C@@H](c2ccc(/C=C/C(=O)Nc3ccccc3N)cc2)C1,1
Nc1ccccc1NC(=O)/C=C/c1ccc([C@H]2CN(CC(F)(F)F)C[C@@H]2C(=O)Nc2ccc(Cl)cc2)cc1,0
CN1C[C@H](C(=O)Nc2ccccc2)[C@@H](c2ccc(/C=C/C(=O)Nc3ccccc3N)cc2)C1,1
CCNC(=O)N1C[C@H](C(=O)Nc2ccc(Cl)cc2)[C@@H](c2ccc(/C=C/C(=O)Nc3ccccc3N)cc2)C1,1
CN1C[C@H](C(=O)Nc2ccc(Cl)cn2)[C@@H](c2ccc(/C=C/C(=O)Nc3ccccc3N)cc2)C1,0
CN1C[C@H](C(=O)Nc2ccc(Cl)cc2)[C@@H](c2cnc(/C=C/C(=O)Nc3ccccc3N)cn2)C1,1
COc1cccc(NC(=O)[C@H]2CN(C)C[C@@H]2c2ccc(/C=C/C(=O)Nc3ccccc3N)cc2)c1,0
CC(C)N1C[C@H](C(=O)Nc2ccc(Cl)cc2)[C@@H](c2ccc(/C=C/C(=O)Nc3ccccc3N)cc2)C1,1
CN1C[C@H](C(=O)Nc2ccc(Br)cc2)[C@@H](c2ccc(/C=C/C(=O)Nc3ccccc3N)cc2)C1,1
CN1C[C@H](C(=O)Nc2ccccn2)[C@@H](c2ccc(/C=C/C(=O)Nc3ccccc3N)cc2)C1,1
CN1C[C@H](C(=O)N2CCCCC2)[C@@H](c2ccc(/C=C/C(=O)Nc3ccccc3N)cc2)C1,1
N#CCN1C[C@H](C(=O)Nc2ccc(Cl)cc2)[C@@H](c2ccc(/C=C/C(=O)Nc3ccccc3N)cc2)C1,0
CN1C[C@H](C(=O)Nc2ccc(Cl)cc2)[C@@H](c2ccc(/C=C/C(=O)Nc3ccccc3N)nc2)C1,1
Nc1ccccc1NC(=O)/C=C/c1ccc([C@H]2CN(c3ncccn3)C[C@@H]2C(=O)Nc2ccc(Cl)cc2)cc1,1
COc1ccc(NC(=O)[C@H]2CN(C)C[C@@H]2c2ccc(/C=C/C(=O)Nc3ccccc3N)cc2)cc1,0
CN1C[C@H](C(=O)Nc2ccc(C#N)cc2)[C@@H](c2ccc(/C=C/C(=O)Nc3ccccc3N)cc2)C1,1
O=C(O)c1cn(C2CC2)c2cc(N3CCNCC3)c(F)cc2c1=O,1
CC(C)NCC(O)c1ccc(NS(C)(=O)=O)cc1,1
Cc1ncc([N+](=O)[O-])n1CCO,1
COc1cc2c(cc1OC)C(=O)C(CC1CCN(Cc3ccccc3)CC1)C2.[Cl-].[H+],1
COc1cc(Cc2cnc(N)nc2N)cc(OC)c1OC,1
CNCCC=C1c2ccccc2CCc2ccccc21,1
Cn1c(=O)c2c(ncn2C)n(C)c1=O,1
CN/C(=C\[N+](=O)[O-])NCCSCc1ccc(CN(C)C)o1,1
CN1/C(=C(/O)Nc2ccccn2)C(=O)c2ccccc2S1(=O)=O,1
CCN1CCCC1CNC(=O)c1cc(S(N)(=O)=O)ccc1OC,1
Clc1cccc(Cl)c1NC1=NCCN1,1
CC(=O)Nc1ccc(O)cc1,1
COCCc1ccc(OCC(O)CNC(C)C)cc1,1
CN1C2CCC1CC(OC(=O)C(CO)c1ccccc1)C2,1
NC(N)=Nc1nc(CSCCC(N)=NS(N)(=O)=O)cs1,1
CCN(CC)CCOC(=O)c1ccc(N)cc1,1
C=C[C@H]1CN2CC[C@H]1C[C@@H]2[C@@H](O)c1ccnc2ccc(OC)cc12,1
CC(C)NCC(O)COc1ccc(CC(N)=O)cc1,1
O=C(O)C1=C/C(=N\Nc2ccc(S(=O)(=O)Nc3ccccn3)cc2)C=CC1=O,1
CCN(CC)CC(=O)Nc1c(C)cccc1C,1
Cn1c(=O)c2[nH]cnc2n(C)c1=O,1
CCCNC(=O)NS(=O)(=O)c1ccc(Cl)cc1,1
C[C@]12CCC(=O)C=C1CC[C@@H]1[C@@H]2[C@@H](O)C[C@@]2(C)[C@H]1CC[C@]2(O)C(=O)CO,1
CCOC(=O)[C@H](CCc1ccccc1)N[C@@H](C)C(=O)N1CCC[C@H]1C(=O)O,1
CC(=O)CC(c1ccccc1)c1c(O)oc2ccccc2c1=O,1
CC(=O)N1CCN(c2ccc(OC[C@H]3CO[C@](Cn4ccnc4)(c4ccc(Cl)cc4Cl)O3)cc2)CC1,1
NC(=O)N1c2ccccc2C2OC2c2ccccc21,1
C[C@H]1O[C@@H](O[C@H]2[C@@H](O)C[C@H](O[C@H]3[C@@H](O)C[C@H](O[C@H]4CC[C@@]5(C)[C@H](CC[C@@H]6[C@@H]5C[C@@H](O)[C@]5(C)[C@@H](C7=CC(=O)OC7)CC[C@]65O)C4)O[C@@H]3C)O[C@@H]2C)C[C@H](O)[C@@H]1O,1
Cc1cccc(C)c1NC1=NCCCS1,1
CC(CCc1ccccc1)NCC(O)c1ccc(O)c(C(N)=O)c1,1
COCCCC/C(=N\OCCN)c1ccc(C(F)(F)F)cc1.O=C(O)/C=C\C(=O)O,1
CN(C)CCCN1c2ccccc2Sc2ccccc21,1
CCCSc1ccc2nc(NC(=O)OC)[nH]c2c1,1
CN1CCCCC1CCN1c2ccccc2Sc2ccc(S(C)=O)cc21,1
CN(C)CCCN1c2ccccc2CCc2ccccc21,1
CN(C)CCC=C1c2ccccc2CCc2ccccc21,1
CCOc1ccc(NC(C)=O)cc1,1
CN(C)C(=O)C(CCN1CCC(O)(c2ccc(Cl)cc2)CC1)(c1ccccc1)c1ccccc1,1
O=c1[nH]c2ccccc2n1C1CCN(CCCC(c2ccc(F)cc2)c2ccc(F)cc2)CC1,1
CNCCCN1c2ccccc2CCc2ccccc21,1
CCCCc1oc2ccccc2c1C(=O)c1cc(I)c(OCCN(CC)CC)c(I)c1,1
COc1ccc([C@@H]2Sc3ccccc3N(CCN(C)C)C(=O)[C@@H]2OC(C)=O)cc1,1
COc1ccc(CCN2CCC(Nc3nc4ccccc4n3Cc3ccc(F)cc3)CC2)cc1,0
CCCNCC(O)COc1ccccc1C(=O)CCc1ccccc1,0
OCCN1CCN(CCCN2c3ccccc3Sc3ccc(Cl)cc32)CC1,0
CSc1ccc2c(c1)N(CCC1CCCCN1C)c1ccccc1S2,0
CN(C)CCCN1c2ccccc2Sc2ccc(Cl)cc21,0
COc1ccc(Cc2nccc3cc(OC)c(OC)cc23)cc1OC,0
CC(=O)[C@H]1CC[C@H]2[C@@H]3CCC4=CC(=O)CC[C@]4(C)[C@H]3CC[C@]12C,0
CCOC(=O)N1CCC(=C2c3ccc(Cl)cc3CCc3cccnc32)CC1,0
